id,first_name,last_name,gender,customer_id
1,Dianne,Balnaves,Female,842
2,Milt,Proughten,Male,692
3,Bartram,Covill,Male,320
4,Milton,Grady,Male,619
5,Chrissy,Coo,Male,470
6,Alric,Rawlison,Male,949
7,Sebastian,Fley,Male,557
8,Nyssa,Havile,Female,314
9,Michaeline,Cromer,Female,52
10,Alberta,Latta,Female,595
11,Ingemar,Garmons,Male,845
12,Maurie,Morlon,Male,702
13,Debera,Matusevich,Female,472
14,Roxie,Geater,Female,89
15,Otes,Verrechia,Male,497
16,Kyle,Skelcher,Female,528
17,Hamish,Cockshoot,Male,989
18,Vinny,Suddick,Female,324
19,Polly,Irnys,Female,155
20,Court,Rubroe,Male,993
21,Alana,Orry,Female,520
22,Edee,Daventry,Female,720
23,Audre,Cleminshaw,Female,427
24,Daron,Baynon,Female,649
25,Ariel,Rosenwasser,Male,593
26,Luis,Hachette,Male,320
27,Shane,Beckson,Bigender,802
28,Gregorius,Haulkham,Male,397
29,Delaney,De la Zenne,Male,428
30,Berkeley,Twelvetrees,Polygender,458
31,Kikelia,Every,Female,493
32,Tabb,Goodge,Male,954
33,Lacie,Johannes,Female,979
34,Ivan,McKoy,Male,183
35,Barbaraanne,Cammell,Female,9
36,Sauveur,Eliassen,Male,264
37,Christan,Margerrison,Female,775
38,Danita,Nann,Female,13
39,Dominique,Deave,Male,944
40,Allen,Hastler,Male,622
41,Donnell,Balshen,Male,15
42,Lew,McVeigh,Male,108
43,Terrill,Shannon,Male,323
44,Jeddy,Kalinsky,Male,837
45,Helaine,Skahill,Female,841
46,Desirae,Learmonth,Female,904
47,Lissa,Ochterlony,Female,324
48,Igor,Goodlip,Male,530
49,Lindy,Alliott,Male,946
50,Alvy,Judd,Male,90
51,Torey,Hayler,Female,694
52,Cob,Dentith,Male,91
53,Harmon,Piegrome,Male,457
54,Emlen,Millett,Male,432
55,Aidan,Getcliffe,Female,559
56,Job,Provest,Male,142
57,Shelden,Stocker,Male,334
58,Lorenza,Mawer,Female,931
59,Kerianne,Black,Female,886
60,Flory,Carpe,Male,467
61,Whitaker,Speight,Male,578
62,Vladimir,Wickey,Male,763
63,Shandeigh,Chipping,Female,751
64,Chancey,Norewood,Male,358
65,Vlad,Stealey,Bigender,630
66,Harper,Abrami,Male,848
67,Darrelle,Cazin,Female,458
68,Natalie,Hallick,Female,800
69,Edgardo,Eiler,Male,96
70,Lyn,Minchindon,Male,277
71,Benetta,Duplain,Female,332
72,Damita,Pirouet,Female,246
73,Marsh,Mackinder,Agender,178
74,Orton,Kyllford,Male,650
75,Jeremiah,Katt,Male,973
76,Verge,Juszczyk,Male,125
77,Cass,Calyton,Female,797
78,Gregory,Wakeling,Male,951
79,Oralee,Drance,Female,412
80,Stillman,Varlow,Male,274
81,Joanne,Dyke,Female,892
82,Dom,Mustarde,Male,362
83,Leila,Larner,Female,289
84,Siobhan,Catmull,Female,87
85,Gregorius,Sterley,Polygender,453
86,Timotheus,Ivkovic,Male,586
87,Davida,Westbrook,Female,923
88,Alisander,Spriggin,Male,599
89,Emelina,Clarridge,Female,898
90,Ermanno,Bastide,Male,347
91,Kendricks,Pash,Male,985
92,Kata,Barkworth,Female,448
93,Carmella,Dunsmore,Female,284
94,Erastus,Chesnay,Male,753
95,Tonnie,Danielsson,Male,819
96,Blakelee,Dunham,Female,410
97,Jaclin,Thripp,Female,96
98,Robbyn,Giannoni,Female,79
99,Regan,Ayree,Male,919
100,Tammie,Sully,Male,246
101,Delilah,Godfray,Female,680
102,Nike,Lapides,Female,383
103,Isahella,Chaulk,Female,755
104,Goran,Pinckstone,Male,753
105,Hoebart,Cleare,Male,190
106,Loutitia,Loncaster,Female,357
107,Joel,Dallmann,Male,283
108,Massimiliano,Skate,Male,670
109,Hakim,Scutt,Male,344
110,Markos,Wealleans,Male,664
111,Jerrold,Bockmann,Male,868
112,Nomi,Maciaszek,Female,975
113,Paten,Brumham,Male,251
114,Ansel,Read,Male,662
115,Stewart,Rozier,Male,608
116,Correy,Puckham,Male,20
117,Shannon,Martinovic,Male,811
118,Shawna,Hazeley,Female,497
119,Elnore,Samudio,Female,421
120,Hilario,Scotchmer,Male,152
121,Jesse,Stainfield,Female,293
122,Adella,Dainter,Female,641
123,Catina,Seleway,Female,345
124,Tilda,Skeleton,Female,521
125,Hildegarde,Gautrey,Bigender,563
126,Chen,Wrightam,Male,132
127,Rancell,Diver,Male,168
128,Ariel,McLaine,Male,419
129,Ulric,Bartosinski,Male,540
130,Kip,Tranfield,Female,334
131,Barbey,Ledur,Female,495
132,Vic,Sarl,Male,756
133,Moishe,Tregea,Genderfluid,376
134,Ezra,Abrahams,Male,166
135,Guido,Liles,Male,592
136,Melisande,Gailor,Female,133
137,Natty,Tatlow,Male,774
138,Don,Woolerton,Male,73
139,Tilda,Chree,Female,705
140,Joshuah,Marval,Male,875
141,Kimberly,Abramson,Bigender,169
142,Nikoletta,Mallaby,Female,122
143,Stanly,Cornhill,Male,435
144,Mateo,Hillhouse,Male,687
145,Carine,Bensusan,Female,673
146,Myra,Kroon,Female,362
147,Fonsie,Sausman,Male,721
148,Cherye,Bousler,Female,101
149,Freddy,Firebrace,Genderfluid,97
150,Carie,Emmerson,Female,465
151,Gwenore,Crother,Female,265
152,Bernita,Watling,Female,992
153,Brianne,Bullough,Polygender,233
154,Prissie,Conklin,Female,136
155,Abelard,Candey,Male,421
156,Blair,Quinevan,Female,822
157,Marlo,Butland,Male,287
158,Jarrid,todor,Male,140
159,Osborn,Minghetti,Male,767
160,Arman,Kullmann,Male,631
161,Oralee,Duplan,Female,810
162,Christal,Gerardeaux,Female,887
163,Nariko,Bittleson,Female,233
164,Kerry,Cheston,Male,366
165,Kiele,Tabrett,Female,167
166,Conn,Nobles,Male,583
167,Ernesto,Camlin,Male,797
168,Rivi,Duncklee,Female,806
169,Kelwin,Bastistini,Male,493
170,Godart,Laxston,Male,138
171,Granny,Stephens,Male,820
172,Cara,Rediers,Female,791
173,Quinn,McDell,Female,44
174,Jedd,Rizzardi,Male,255
175,Sibby,Harvard,Genderqueer,391
176,Gale,Baldung,Male,254
177,Bernardine,Mithon,Non-binary,978
178,Winfred,Kigelman,Male,681
179,Kaela,Burchett,Female,315
180,Nissy,Sheringham,Female,593
181,Frederique,Bortolazzi,Female,690
182,Stearn,Vuittet,Male,451
183,Allene,Roblou,Female,79
184,Maia,Handforth,Female,994
185,Monro,Joslow,Male,445
186,Reece,Ianetti,Male,890
187,Gardy,Barnett,Male,104
188,Murdock,Fancutt,Male,952
189,Sarajane,Seage,Female,587
190,Anita,Gonoude,Female,572
191,Janela,Tunnadine,Female,773
192,Loria,Millott,Female,451
193,Berget,Needs,Female,271
194,Renault,Lamport,Male,781
195,Wilow,Parmley,Female,541
196,Saba,Jozef,Female,336
197,Quintilla,Inde,Female,980
198,Hillie,Flint,Male,82
199,Valaria,Skokoe,Genderqueer,708
200,Salomon,Grantham,Male,580
201,Royall,Keightley,Male,192
202,Leeanne,Iohananof,Female,65
203,Nye,Deacon,Male,5
204,Dorey,Warcop,Female,301
205,Nonnah,Kaygill,Female,866
206,Erma,Siebart,Female,407
207,Matthaeus,Agglio,Male,530
208,Donnamarie,Twelve,Female,847
209,Josi,Le Marchand,Female,400
210,Bobbe,Shafto,Bigender,973
211,Nikki,Josefsson,Female,211
212,Genni,Guion,Non-binary,269
213,Aurel,Ollin,Female,625
214,Charlotte,Southouse,Female,202
215,Kally,Digman,Female,598
216,Onofredo,Borer,Male,467
217,Justino,Gutsell,Male,481
218,Penny,Shiliton,Male,997
219,Othilia,Olliffe,Female,858
220,Katina,Crier,Female,805
221,Patrica,Kellard,Female,131
222,Abie,Petrolli,Male,886
223,Shea,Duerden,Male,378
224,Trumaine,Kippen,Male,865
225,Caroljean,Gason,Female,449
226,Bogey,Gillon,Male,82
227,Bendicty,Dawnay,Male,174
228,Rodrigo,Skim,Male,912
229,Ricki,Surgood,Female,450
230,Woodrow,Pauling,Male,685
231,Harmony,Duckham,Female,225
232,Renault,Crissil,Male,107
233,Delano,Challener,Male,171
234,Dulcia,Kitchin,Female,459
235,Paulita,Portugal,Female,972
236,Tobe,Riding,Male,515
237,Orlan,Kik,Male,364
238,Alison,Maddern,Female,86
239,Philly,Wannes,Female,450
240,Millicent,Noirel,Female,136
241,Iris,Medling,Female,864
242,Myriam,Gallety,Female,767
243,Brigida,Whitley,Genderfluid,535
244,Filippo,Gann,Male,961
245,Blondie,Bearblock,Female,419
246,Kellen,Sousa,Male,37
247,Charles,Zelake,Male,567
248,Rock,Greenset,Male,213
249,Skye,Joselin,Male,372
250,Gaston,Rittelmeyer,Male,907
251,Sidnee,O'Bradane,Male,735
252,Stavros,Reekie,Male,314
253,Dynah,Yushmanov,Female,352
254,Joceline,Ingerfield,Female,421
255,Quillan,Coarser,Male,488
256,Skip,Koene,Male,538
257,Sunny,Seacroft,Male,124
258,Olympe,Van Oord,Female,62
259,Tabby,Clineck,Male,499
260,Milena,Cumine,Female,504
261,Dorothea,Jarry,Female,563
262,Karlee,Guichard,Female,882
263,Mara,Greenaway,Female,142
264,Karleen,Seldon,Female,685
265,Tiebold,Ferne,Male,795
266,Susan,Grigoriscu,Female,221
267,Dacia,Van Bruggen,Female,60
268,Tiphani,Sirl,Female,139
269,Arlen,Fleckness,Male,918
270,Haleigh,Sherratt,Male,551
271,Wilhelmine,Dyshart,Female,181
272,Elise,Caston,Female,786
273,Consuelo,McKew,Genderfluid,862
274,Erick,Gunnell,Male,690
275,Blondelle,Bonavia,Bigender,507
276,Glyn,Peotz,Male,863
277,Lise,Busfield,Female,202
278,Gabriello,Felderer,Male,698
279,Dennie,Wilcocks,Non-binary,494
280,Kimberlee,Rimes,Female,381
281,Dionis,Trueman,Female,422
282,Shaine,Tarry,Male,601
283,Raven,Shortcliffe,Female,293
284,Sheffie,Forber,Male,872
285,Gerrie,Frosdick,Female,127
286,Cordula,Gerner,Genderqueer,473
287,Donelle,Nell,Female,694
288,Raf,Peeter,Female,163
289,Mark,Ackermann,Male,287
290,Chelsie,Flaverty,Female,634
291,Arden,Lissett,Female,117
292,Modesty,Lodemann,Female,448
293,Silva,Penddreth,Polygender,876
294,Kayley,Poveleye,Female,493
295,Harris,Haine,Male,84
296,Nannie,Hatfull,Female,754
297,Merrill,Ogglebie,Female,126
298,Ewan,Robertazzi,Male,569
299,Astrid,Pods,Female,262
300,Flin,Tuddenham,Male,473
301,Marlie,Hulke,Female,272
302,Shadow,Risbridge,Male,306
303,Neely,Jobbins,Female,166
304,Merv,Tiltman,Male,309
305,Arne,Pickerin,Genderfluid,687
306,Gram,Chaudron,Male,439
307,Jessika,Snuggs,Female,601
308,Malissia,Ellerby,Female,782
309,Cyb,Le Port,Female,482
310,Pauly,Waren,Female,133
311,Torrence,Mealham,Male,997
312,Cornelle,Wollaston,Female,207
313,Sile,Leggitt,Bigender,946
314,Lory,Goodfellowe,Female,548
315,Cosme,Ovenden,Male,157
316,Jo,Korbmaker,Female,221
317,Jerry,Whorton,Female,827
318,Heda,Whimpenny,Female,642
319,Thorpe,Deegin,Male,791
320,Malva,Armfield,Non-binary,201
321,Carlyn,McDonand,Female,819
322,Cathlene,Rosenblath,Female,453
323,Robyn,Mawford,Polygender,424
324,Sybila,Rusk,Female,681
325,Rodolph,Brett,Male,771
326,Aharon,Grinikhin,Male,799
327,Alyce,Letcher,Female,587
328,Mil,Howle,Female,904
329,Gerianne,De Simone,Female,420
330,Roosevelt,Scudder,Male,82
331,Bjorn,Roser,Male,121
332,Griffin,Tutchings,Male,89
333,Terry,Kohnemann,Female,660
334,Lorin,Matskevich,Male,2
335,Kat,Abbs,Female,625
336,Kanya,Vasyukov,Female,578
337,Carey,Del Castello,Male,215
338,Darb,O'Fallone,Female,648
339,Laurianne,O'Connor,Female,717
340,Monica,Genike,Female,92
341,Nye,Amiable,Male,141
342,Marsh,Bernardon,Male,709
343,Cullin,O'Dreain,Male,759
344,Ermin,Barrack,Male,114
345,Jacquette,Etridge,Female,669
346,Daune,Rosenqvist,Female,200
347,Mela,Newbegin,Female,53
348,Gretna,Lesser,Female,41
349,Lynnelle,Charge,Bigender,462
350,Emeline,Deehan,Female,951
351,Farris,Portman,Male,623
352,Roana,Towlson,Female,650
353,Georges,Clayworth,Male,714
354,Emmet,Dewi,Male,462
355,Jeannette,Wesson,Female,987
356,Kaile,Ohlsen,Bigender,245
357,Vonny,Reolfi,Female,373
358,Dennis,Fonte,Male,267
359,Garrick,Hammand,Male,143
360,Cobbie,Whal,Male,992
361,Carley,Sterley,Female,950
362,Roderick,Masding,Male,810
363,Gerianne,Biddles,Female,911
364,Farlee,Aleksandrev,Male,875
365,Celestyn,Roelofs,Genderfluid,862
366,Rose,Mantione,Female,647
367,Joell,Ambage,Female,200
368,Morton,Wellstood,Male,960
369,Lani,Ruffey,Female,531
370,Kellby,Keeping,Male,762
371,Judd,Kennifick,Male,801
372,Valentine,Lucock,Female,622
373,Marcile,Bosden,Female,900
374,Valina,Citrine,Bigender,48
375,Moss,Gulston,Male,681
376,Hildagard,Langforth,Female,378
377,Boycey,Pilpovic,Male,137
378,Gretna,Deboy,Female,645
379,Roddie,Flippen,Agender,872
380,Torrance,Hardy-Piggin,Male,183
381,Abby,Blowfelde,Male,20
382,Joelly,Kaine,Female,629
383,Eadie,Lavall,Female,881
384,Brear,Barhem,Female,292
385,Henrietta,McTrusty,Female,145
386,Ethelind,Longmore,Female,748
387,Rudyard,Barrington,Male,346
388,Kathy,Epsley,Female,529
389,Stevy,Dunsire,Male,702
390,Addia,Dows,Female,906
391,Kaela,Goodsall,Female,434
392,Gloriana,Abelwhite,Female,122
393,Magdalena,Leeburn,Female,838
394,Woodman,Venneur,Male,826
395,Kimbra,Forsey,Female,559
396,Mychal,Maund,Non-binary,232
397,Cart,O' Timony,Male,841
398,Teodora,Pennycuick,Bigender,38
399,Judah,Filippozzi,Male,570
400,Dallon,Baughan,Male,812
401,Max,Valentim,Female,284
402,Althea,Baitey,Female,791
403,Stearne,Capnor,Male,465
404,Barton,Tarry,Male,20
405,Guntar,Gavan,Male,982
406,Onida,Jenkison,Female,739
407,Rosamond,Aherne,Female,365
408,Laney,Tace,Male,874
409,Lock,Cockhill,Male,585
410,Stacy,Scourfield,Male,980
411,Dag,Utridge,Male,639
412,Gilemette,Jewise,Female,821
413,Brandy,Dumphy,Male,3
414,Tab,Golightly,Male,30
415,Dorelle,Brezlaw,Female,432
416,Euphemia,Loblie,Female,141
417,Kane,Stelle,Male,854
418,Francisca,Deeley,Female,7
419,Alexandre,Stening,Male,703
420,Anneliese,Gauge,Agender,72
421,Jaymie,Eliaz,Male,407
422,Dill,Reeveley,Male,205
423,Sloan,Liddel,Male,261
424,Benny,Ellingham,Bigender,552
425,Ediva,Mallabund,Female,374
426,Chandal,Coltan,Genderfluid,376
427,Felipe,Lewinton,Male,518
428,Aristotle,Laidlaw,Male,338
429,Darcy,Goodin,Male,956
430,Mirelle,Bellchamber,Female,660
431,Marina,McKinless,Female,286
432,Elset,Murrill,Female,469
433,Brenna,Mewitt,Female,946
434,Ketti,Tomczykiewicz,Female,559
435,Jerrold,Leif,Male,681
436,Giulia,Mobbs,Bigender,533
437,Dorey,Hanigan,Male,516
438,Shaylyn,Da Costa,Female,122
439,Christel,Riceards,Female,419
440,Delainey,Richard,Male,791
441,Davida,Texton,Bigender,63
442,Enrico,Hachette,Male,147
443,Lela,Rois,Female,207
444,Angelo,Ablewhite,Male,715
445,Fin,Espadero,Male,982
446,Katina,Van Cassel,Female,426
447,Mattie,Arnauduc,Female,979
448,Benny,Ambrogio,Agender,742
449,Chester,McVey,Male,262
450,Maegan,Dugald,Female,207
451,Lucinda,Navarro,Female,160
452,Aigneis,Blaiklock,Female,629
453,Wandie,Brookes,Female,282
454,Conan,Dussy,Agender,560
455,Gene,Legen,Male,343
456,Lauritz,Stillert,Male,121
457,Coretta,Pipkin,Female,351
458,Ina,Kubalek,Bigender,149
459,Patric,Lealle,Male,914
460,Brad,Welland,Bigender,197
461,Doro,Lucus,Female,225
462,Faydra,Fields,Female,113
463,Roxie,Dowtry,Female,414
464,Mike,Caulliere,Male,263
465,Durand,Henrichsen,Polygender,186
466,Raffaello,Clackers,Male,281
467,Hillel,Stidever,Bigender,243
468,Amaleta,Siddeley,Female,252
469,Kenna,Brabin,Female,829
470,Nanni,Adshed,Female,961
471,Benoite,Gass,Female,123
472,Aigneis,McCorrie,Female,389
473,Marley,Podd,Female,15
474,Merilee,Swaysland,Female,741
475,Traver,Lelliott,Male,352
476,Si,Yersin,Male,513
477,Julina,Wyard,Female,725
478,Timothee,Giroldo,Male,406
479,Elianora,Spalls,Female,818
480,Finn,Manchester,Agender,115
481,Spike,Crumbie,Male,606
482,Traci,Yushkov,Female,407
483,Madalyn,Mussen,Female,85
484,Even,Mackie,Male,222
485,Fleur,McGrah,Female,593
486,Drona,Rhucroft,Female,669
487,Clive,Klimp,Male,388
488,Uriah,Otson,Male,46
489,Tani,Korda,Female,922
490,Nelle,Mungin,Female,588
491,Orville,Dumbelton,Male,861
492,Decca,Bramich,Male,954
493,Marlee,Labusch,Female,869
494,Duff,Prudham,Male,433
495,Eliza,Beardsell,Female,133
496,Jocko,Sandeman,Male,545
497,Addia,Guillard,Female,90
498,Emmott,Bannon,Male,289
499,Cirillo,Chillingsworth,Male,291
500,Morgen,Beckhurst,Male,398
501,Benson,MacMeekan,Male,429
502,Muffin,Draude,Female,132
503,Meredithe,Dally,Female,987
504,Chase,Mulhall,Male,197
505,Clo,Parades,Female,26
506,Molli,Ablitt,Female,262
507,Della,Gorring,Female,984
508,Lowell,Simms,Genderqueer,886
509,Humfrid,MacGhee,Male,494
510,Borden,Seacroft,Male,52
511,Arleta,Hinstridge,Female,277
512,Fey,Schulkins,Female,195
513,Marlowe,Eschalotte,Male,753
514,Trstram,Platts,Male,1
515,Henriette,Kapiloff,Female,423
516,Devina,Toyne,Female,375
517,Desmund,Tallboy,Male,841
518,Konstanze,Keener,Genderfluid,556
519,Roseanne,Sandes,Female,925
520,Juli,Cadden,Female,437
521,Ivor,Featherstonhaugh,Male,282
522,Burg,Bennion,Male,890
523,Joshia,Mannion,Male,899
524,Prue,Furness,Female,754
525,Amerigo,Instone,Male,695
526,Svend,Halleday,Male,20
527,Renaldo,Cleugher,Male,368
528,Lena,Kerwen,Polygender,977
529,Zacharias,Benediktsson,Male,118
530,Dmitri,Kilius,Male,465
531,Ed,Harrinson,Male,129
532,Ivett,Bengefield,Genderfluid,501
533,Hermann,Avrahamoff,Male,591
534,Christal,Matuska,Female,501
535,Rorke,Fones,Male,242
536,Moina,Tohill,Female,770
537,Mel,Chetham,Male,592
538,Roobbie,Marcq,Female,467
539,Matt,Gillatt,Male,13
540,Irena,Gayne,Female,801
541,Benedikta,Feldhuhn,Female,54
542,Gus,Stait,Female,648
543,Tova,Tester,Female,185
544,Carmella,Onthank,Female,299
545,Gwenette,Perigoe,Female,737
546,Paco,Matzke,Male,896
547,Marcelia,Roman,Female,961
548,Diannne,Dymidowicz,Genderqueer,357
549,Neal,Rassell,Male,392
550,Josy,Enderlein,Female,237
551,Dewitt,Rippingale,Male,513
552,Delaney,Januszewicz,Male,773
553,Sari,Dysert,Female,219
554,Garrot,Farnaby,Male,189
555,Dulcine,Lake,Female,135
556,Ciro,Merritt,Male,357
557,Lynnette,Ransbury,Female,262
558,Thayne,Glynne,Bigender,287
559,Michal,Seeborne,Male,837
560,Patrick,Wildgoose,Male,751
561,Kippy,Need,Genderfluid,207
562,Madel,Sarton,Female,768
563,Shirleen,Bartoszewski,Female,529
564,Simmonds,Bolin,Male,356
565,Evered,de Aguirre,Male,139
566,Pauline,Eneas,Female,942
567,Mathias,Janovsky,Male,87
568,Meris,Konke,Female,453
569,Bobbie,Blackstone,Male,999
570,Jackie,Boissier,Female,111
571,Ailina,O' Hanvey,Genderfluid,408
572,Elton,Caley,Male,241
573,Bartolomeo,Corden,Male,635
574,Carlie,Rude,Female,369
575,Alberto,Fallis,Genderfluid,468
576,Sanders,Hamper,Non-binary,438
577,Clemente,Brideau,Male,363
578,Lombard,Keelinge,Male,404
579,Cliff,Blesli,Male,556
580,Nara,Winthrop,Female,402
581,Janette,Harty,Female,178
582,Erskine,Duham,Male,222
583,Briano,Trevains,Male,140
584,Reinhold,Perrin,Male,59
585,Evangelina,Antonikov,Female,820
586,Robyn,Georger,Genderqueer,558
587,Allianora,Chasmor,Genderfluid,708
588,Clark,Hearnden,Male,736
589,Egan,Hember,Male,35
590,Bert,Bonham,Female,894
591,Nikolaus,Hinksen,Male,485
592,Noah,Lamas,Male,780
593,Nehemiah,Casserly,Male,596
594,Marj,Critchard,Female,7
595,Elvyn,Laughlan,Male,632
596,Stevena,Alfonsetto,Female,894
597,Madonna,Spanton,Female,642
598,Jeddy,Jewson,Male,801
599,Raff,Pendall,Male,746
600,Samuele,Blumsom,Male,935
601,Haslett,Davenhall,Male,160
602,Sheridan,Vondrasek,Male,214
603,Gladys,Metts,Female,781
604,Davidson,Sallarie,Polygender,68
605,Irita,McFadyen,Female,230
606,Binni,Habgood,Female,320
607,Rea,Standing,Female,885
608,Audrey,Takle,Female,73
609,Reinald,Bassham,Male,865
610,Abran,Earlam,Male,166
611,Garret,Beddon,Male,118
612,Ezra,Geyton,Male,837
613,Eunice,Weitzel,Non-binary,56
614,Corbet,Balharrie,Male,859
615,Stephine,Crich,Female,333
616,Monika,Kopelman,Female,483
617,Griffy,Pettifer,Male,364
618,Nikoletta,Innott,Female,281
619,Lynda,O'Drought,Female,480
620,Yolande,Braunthal,Female,411
621,Kerri,Lethlay,Agender,430
622,Reinaldo,Tonge,Male,777
623,Genna,Mariel,Female,852
624,Cassandre,Lugsdin,Female,880
625,Simone,Kempster,Female,185
626,Neils,Broadwell,Male,932
627,Emanuele,Messenbird,Male,234
628,Charin,Midgely,Female,355
629,Stephenie,Haysey,Female,213
630,Yetty,Ambrogio,Female,94
631,Munmro,Oldford,Male,486
632,Catherine,Barbary,Female,764
633,Odie,Shermar,Male,165
634,Bendite,Baylie,Agender,691
635,Jerrine,Terren,Female,425
636,Nerta,Skeleton,Female,124
637,Cornall,Daouze,Male,14
638,Ethelind,Dymock,Female,748
639,Trenna,Tolerton,Female,842
640,Vania,Easen,Female,582
641,Walker,Mutlow,Male,285
642,Helen,Le Count,Female,183
643,Ruy,Olyunin,Male,913
644,Andy,Desborough,Female,450
645,Mathe,Loughlin,Male,295
646,Tymon,Crockford,Male,787
647,Aldous,Horsted,Male,582
648,Irv,Roback,Male,973
649,Ervin,Sarrell,Bigender,484
650,Rufe,Parkman,Male,446
651,Binnie,Scraggs,Female,265
652,Kellsie,Letford,Female,728
653,Janka,Glencros,Female,417
654,Gerome,Growy,Male,37
655,Antonietta,Creeghan,Female,857
656,Mattias,Tearny,Male,313
657,Godiva,Houltham,Female,92
658,Phoebe,Jude,Female,332
659,Madelaine,Hains,Female,899
660,Crista,Sherwen,Female,146
661,Sherline,Tuckwood,Female,777
662,Scarlet,Skelbeck,Female,874
663,Abelard,Robiot,Bigender,436
664,Gerrilee,Piggens,Female,388
665,Georg,Stede,Genderqueer,528
666,Margaux,Pilipets,Female,513
667,Ferne,Kester,Female,441
668,Delaney,McIlharga,Male,525
669,Nikolaos,Mozzetti,Male,151
670,Engracia,Mattke,Non-binary,480
671,Jillane,Benard,Female,517
672,Gordon,Meni,Male,991
673,Manuel,Gerrard,Male,93
674,Mahmud,Hustings,Male,813
675,Malchy,Corrison,Male,997
676,Danita,Boarer,Female,924
677,Zita,Gaddas,Female,621
678,Magdalene,Arney,Female,476
679,Pacorro,Riedel,Male,21
680,Ardath,Hurring,Female,940
681,Morton,Showen,Male,144
682,Hirsch,Iban,Male,220
683,Barney,Bramsen,Male,238
684,Mimi,O'Garmen,Female,227
685,Fania,MacDermott,Female,606
686,Hobard,Tulloch,Male,264
687,Carie,Lanston,Female,128
688,Fletch,Davydychev,Male,174
689,Beryle,Bonny,Female,623
690,Neale,Gailor,Male,76
691,Terese,Cook,Female,512
692,Candra,Jahncke,Female,598
693,Bonni,Karlolak,Female,679
694,Gail,Kirdsch,Female,151
695,Ottilie,Gabbatt,Female,587
696,Miranda,Gurnett,Female,627
697,Zaccaria,Laxston,Male,200
698,Nora,Greiser,Female,156
699,Golda,Cocklin,Female,700
700,Miguel,Berthomieu,Male,871
701,Vicky,Boggis,Female,865
702,Krystyna,Morgue,Agender,453
703,Courtney,Baggot,Male,692
704,Christoforo,Mannix,Male,238
705,Kipp,Haddington,Male,181
706,Kaiser,Rembrant,Male,255
707,Meriel,Stutter,Non-binary,232
708,Basilius,Grahlman,Male,426
709,Renaldo,Flicker,Genderqueer,132
710,Coop,Rivard,Male,374
711,Christal,Hanshawe,Female,503
712,Emanuel,Soigoux,Male,606
713,Emmalynne,Batthew,Agender,289
714,Tomlin,Haymes,Male,900
715,Aylmar,Fowler,Male,236
716,Tod,Relfe,Male,574
717,Yorker,Bengtson,Male,353
718,Ettore,Iredale,Male,178
719,Web,Clow,Male,425
720,Gustavus,Delany,Male,82
721,Constancy,Clouston,Female,100
722,Adrian,Pinnington,Male,872
723,Ian,Wrightim,Male,790
724,Linc,Howen,Male,380
725,Charles,Izon,Male,270
726,Francis,Corzon,Male,773
727,Cad,Pugh,Male,726
728,Sara-ann,Cremins,Female,593
729,Umeko,Tallon,Female,477
730,Barbabra,MacCrackan,Female,231
731,Tades,Coulthard,Male,880
732,Delmore,Dibb,Male,366
733,Lyell,Whether,Male,23
734,Catrina,Lockney,Female,830
735,Chanda,Roseburgh,Female,829
736,Courtnay,Fattorini,Male,676
737,Malena,Mochan,Female,711
738,Jilleen,Porkiss,Female,44
739,Truda,Penton,Female,714
740,Nicola,Gamett,Female,117
741,Brandyn,Peron,Male,233
742,Gale,Tremlett,Male,444
743,Marya,Philippsohn,Female,909
744,Cassandry,Gude,Female,427
745,Angel,Oldknow,Male,977
746,Eleanore,Jenk,Female,381
747,Madalena,Gilcriest,Female,80
748,Lyndell,Bernardon,Female,183
749,Ezechiel,Vallis,Genderfluid,56
750,Ingmar,Kinsell,Male,570
751,Dana,Boscher,Male,34
752,Marin,Gatiss,Female,211
753,Angela,Sharphurst,Female,274
754,Rufus,Anyene,Male,94
755,Corey,Laville,Female,972
756,Justen,Robbie,Male,234
757,Brianne,Boniface,Female,144
758,Jeffie,Brunt,Male,347
759,Kathryn,Leeder,Female,279
760,Antonino,Winyard,Male,286
761,Dimitry,Petrillo,Male,996
762,Brade,Embleton,Male,20
763,Valentino,Branchett,Male,479
764,Dallas,Delaney,Agender,946
765,Em,MacGorman,Male,552
766,Flin,MacCumiskey,Male,491
767,Sunny,Kubat,Male,142
768,Yasmeen,Cail,Non-binary,723
769,Walden,Vannucci,Male,622
770,Ronnie,Arends,Male,351
771,Edith,Vasyunkin,Female,257
772,Reggi,Dobrowlski,Non-binary,611
773,Katalin,Larret,Female,980
774,Hervey,Kynoch,Male,691
775,Huey,Baison,Genderqueer,972
776,Joachim,Randleson,Male,569
777,Danya,Breawood,Female,272
778,Raven,Amner,Genderfluid,470
779,Patten,Piercey,Male,734
780,Wheeler,Lechelle,Male,317
781,Boyce,Lillicrop,Genderqueer,708
782,Filberto,Mussett,Male,579
783,Hillyer,Beardsall,Male,606
784,Kimbra,Schulke,Female,474
785,Cy,Keeves,Male,238
786,Amanda,Berthe,Female,347
787,Jeremy,Elford,Male,93
788,York,Renshall,Male,504
789,Rosalind,Chieze,Female,995
790,Ashleigh,Hadye,Female,716
791,Katherine,Albery,Non-binary,375
792,Tabor,Fredson,Genderfluid,396
793,Celesta,Neylon,Bigender,455
794,Lila,Grzeszczyk,Female,452
795,Silvano,Sercombe,Male,472
796,Thorny,Sisey,Genderqueer,858
797,Oran,Burgne,Male,751
798,Dorry,Borrott,Female,752
799,Hogan,Ferentz,Male,340
800,Loralie,Pepper,Female,139
801,Charita,Dubose,Female,313
802,Igor,Batch,Bigender,395
803,Drusi,Cudihy,Female,805
804,Roseanne,Looby,Female,246
805,Olenolin,Huglin,Male,881
806,Wilmar,Hurdidge,Male,337
807,Freida,Woan,Female,114
808,Lucy,Stolz,Female,503
809,Jimmy,Ram,Agender,594
810,Gaspar,Widdop,Male,289
811,Cissy,McMychem,Female,324
812,Cindie,Strode,Female,437
813,Eimile,Perfili,Female,277
814,Granville,Tuting,Male,585
815,Bernadette,Heyward,Female,947
816,Coreen,Jiroudek,Female,278
817,Sheree,Gowthorpe,Female,315
818,Sander,Ciraldo,Male,589
819,Mariel,Tuffin,Female,347
820,Marybelle,Featherstonehaugh,Bigender,953
821,Allsun,Annell,Female,920
822,Ameline,Maybery,Female,4
823,Charmine,Newcombe,Female,229
824,Evita,Ekkel,Female,142
825,Rianon,Vize,Female,965
826,Lizabeth,Terrans,Female,952
827,Reynold,Beton,Male,986
828,Beitris,Alberti,Female,178
829,Zebedee,Beckensall,Male,948
830,Cord,Bergstrand,Male,604
831,Veronique,Acock,Female,138
832,Leann,Moen,Female,640
833,Jefferson,Steagall,Male,692
834,Karole,Gue,Female,626
835,Carmina,Clink,Female,429
836,Blinnie,Cayle,Female,693
837,Urbano,Hartley,Male,522
838,Leicester,Gutans,Male,522
839,Stephan,McDade,Male,776
840,Wendy,Berisford,Female,745
841,Simon,Kippie,Male,308
842,Wallache,Gove,Male,140
843,Grady,Silkston,Male,120
844,Bing,Avent,Male,330
845,Merrielle,Firminger,Female,371
846,Ximenes,Luno,Male,453
847,Teriann,Goult,Female,819
848,Rocky,Barrus,Male,686
849,Allsun,Hooban,Female,313
850,Dion,Steketee,Male,373
851,Marcelle,Punchard,Female,890
852,Ronna,Fominov,Female,990
853,Darrel,Harlin,Male,361
854,Torrance,Prazer,Male,90
855,Bria,Swann,Female,999
856,Stanislaw,Burwin,Male,464
857,Ebenezer,Goundrill,Male,162
858,Gunilla,Spadaro,Female,132
859,Tess,De Mico,Female,554
860,Hewitt,Snoddy,Male,14
861,Tyrus,Godridge,Male,856
862,Fonsie,Haggidon,Male,235
863,Kelley,Whittuck,Male,93
864,Kristal,Passe,Non-binary,822
865,Jard,Frigot,Male,71
866,Brandea,McLucas,Female,796
867,Gui,Eplate,Genderfluid,108
868,Dosi,Forrington,Female,207
869,Lani,Whissell,Female,426
870,Torrence,Handford,Polygender,523
871,Shell,Radbone,Male,300
872,Sybila,Benford,Female,248
873,Harlene,Polino,Female,965
874,Terencio,Lettice,Genderfluid,614
875,Kirk,Truter,Male,946
876,Edgardo,Lantaff,Bigender,625
877,Heall,Bateson,Male,566
878,Ely,Fidelli,Genderqueer,480
879,Kelley,Sprowell,Male,508
880,Vilhelmina,Sanzio,Female,84
881,Kaylee,Perrin,Genderqueer,305
882,Charlotta,Opdenorth,Female,693
883,Hy,Jowitt,Polygender,885
884,Karlyn,Dominicacci,Female,178
885,Jammie,Boscher,Female,107
886,Culver,Spraggs,Male,215
887,Flori,Brooksbank,Female,969
888,Cecile,Grimwood,Female,854
889,Kim,Slemming,Female,387
890,Barney,Mallatratt,Male,668
891,Aldus,Rogeron,Male,877
892,Hyacinthie,Kleszinski,Genderfluid,834
893,Susannah,Sendall,Female,680
894,Emmit,Bonhomme,Genderqueer,584
895,Gerri,Stothard,Female,190
896,Eli,O'Calleran,Male,295
897,Ailbert,Swanson,Male,846
898,Jase,Starkey,Genderqueer,501
899,Wilek,Birney,Male,125
900,Elwyn,Vautrey,Male,479
901,Rance,Forsey,Male,910
902,Alicia,Harradine,Female,691
903,Ingemar,Coo,Male,854
904,Jonis,Lerwill,Polygender,202
905,Peadar,Churly,Male,907
906,Hali,Angrock,Genderfluid,947
907,Noll,Ogley,Male,393
908,Derrik,Passey,Male,859
909,Eirena,Paulo,Female,823
910,Rene,Dowty,Male,846
911,Garrot,Reily,Male,883
912,Oneida,Giovannini,Female,896
913,Kasey,Bessett,Female,91
914,Elbert,Dart,Genderqueer,761
915,Gabby,Kem,Male,247
916,Tobye,Arkcoll,Female,974
917,Conan,Burton,Male,440
918,Garret,Ewells,Male,306
919,Hendrika,Brunger,Female,684
920,Kristofer,Swinden,Male,678
921,Lorita,Zannotti,Polygender,60
922,Karna,Schoffel,Female,439
923,Philis,Sedgmond,Female,415
924,Morey,Jilkes,Male,521
925,Wainwright,Bramwell,Male,818
926,Chick,Pippin,Male,72
927,Laverne,Oller,Female,466
928,Leland,Bowne,Male,131
929,Kimble,Langelaan,Male,898
930,Ninon,Adlem,Female,264
931,Brinna,Havenhand,Female,91
932,Lenard,Bravington,Male,177
933,Tannie,Offen,Male,733
934,Hinze,Wehden,Male,130
935,Mac,Reynold,Male,592
936,Hollyanne,Hinrichs,Non-binary,35
937,Tirrell,Kemmons,Male,451
938,Carry,Attersoll,Female,75
939,Doti,Lowsely,Female,968
940,Antoni,Claypool,Male,56
941,Oswell,Biggs,Male,239
942,Brandy,Clemont,Male,851
943,Audie,Manssuer,Female,161
944,Damian,Mynett,Male,211
945,Clem,Oleszcuk,Male,671
946,Hayward,Martijn,Polygender,768
947,Quincey,Wakeford,Male,909
948,Worth,Doblin,Male,700
949,Onofredo,Sives,Male,800
950,Akim,Serginson,Male,122
951,Nerita,Alliband,Female,420
952,Yvor,Monier,Non-binary,613
953,Aileen,Hayzer,Female,345
954,Gabi,Winchurch,Female,802
955,Ewen,Bramhill,Male,629
956,Garnet,Hallworth,Female,929
957,Aldus,Witchalls,Male,135
958,Lina,Crean,Female,719
959,Nikkie,Rentoll,Female,805
960,Nana,Haddington,Female,815
961,Tomasina,Inskipp,Female,681
962,Winny,Keepence,Male,49
963,Ketty,Lermouth,Female,160
964,Kristina,Aronov,Female,602
965,Kristy,Batchellor,Female,587
966,Mikael,Wawer,Male,942
967,Xymenes,Pomroy,Male,534
968,Emelia,Larcombe,Female,180
969,Reed,Magner,Male,780
970,Loree,Bartkowiak,Female,756
971,Fernande,Cramphorn,Female,109
972,Hunfredo,Baggallay,Male,116
973,Vale,Rennie,Female,420
974,Jermain,Rhoddie,Male,902
975,Consolata,Gronno,Female,52
976,Jennie,Manske,Female,802
977,Hamilton,Quogan,Non-binary,658
978,Kellia,Lenz,Female,27
979,Standford,Ambrosoli,Male,687
980,Templeton,Callery,Male,265
981,Fabio,Dobrowolski,Genderfluid,570
982,Tripp,Burgill,Male,129
983,Byran,Santen,Male,382
984,Munmro,Jindrak,Male,97
985,Adara,Brightey,Female,496
986,Rog,Darridon,Male,431
987,Rosetta,Muggeridge,Female,153
988,Anne,Wellington,Female,179
989,Lemmie,Eplett,Polygender,162
990,Cathi,Mould,Female,761
991,Danielle,Crole,Female,10
992,Manfred,Champneys,Male,79
993,Garrick,Broun,Male,766
994,Lorenzo,Hazeldean,Male,817
995,Malinda,Bellwood,Female,100
996,Jazmin,Epps,Female,924
997,Nani,Sneden,Female,86
998,Riobard,Ismead,Male,838
999,Terrell,Dalziell,Male,673
1000,Quinton,Berthomieu,Genderqueer,713
