id,first_name,last_name,gender
1,Nita,Dibsdale,Female
2,Stafford,Camplin,Male
3,Sybyl,Pailin,Female
4,Pet,Eul,Female
5,Fredek,Wolfenden,Genderqueer
6,Silvano,Shackle,Male
7,Katleen,Lampens,Female
8,Enrika,Du Fray,Genderqueer
9,Uta,Kilgannon,Female
10,Fairlie,Hallowell,Male
11,Isidor,Burne,Male
12,Findlay,Bonallack,Polygender
13,Brigid,Wagstaff,Female
14,Melina,Sey,Female
15,Wilburt,Adcocks,Bigender
16,Corabelle,Firby,Agender
17,Jeniffer,Dutnall,Female
18,Karie,O'Lenechan,Female
19,Lynette,Montier,Female
20,Clarita,Mepsted,Female
21,Bernette,McAughtrie,Female
22,Drugi,Roumier,Male
23,Aldous,Rappaport,Male
24,Haily,Janecek,Male
25,Nathalie,Caines,Female
26,Tabbi,Kelberman,Female
27,Butch,Dunrige,Male
28,Ophelia,Rintoul,Female
29,Sherie,Vidloc,Female
30,Alisander,Molson,Male
31,Marice,Lemanu,Female
32,Ignacio,Grob,Genderfluid
33,Abagail,Barnardo,Female
34,Sebastiano,Robardet,Male
35,Bruno,Lamacraft,Male
36,Archambault,Tissier,Male
37,Araldo,Stollman,Male
38,Lynnette,Yerlett,Female
39,Tiler,Myrkus,Male
40,Una,Kirimaa,Female
41,Annabell,Howsley,Genderqueer
42,Adriano,Chomley,Male
43,Petrina,Schwanden,Female
44,Karil,Argabrite,Female
45,Stephine,Buscher,Female
46,Neal,Ciccarelli,Male
47,Clotilda,Bohea,Female
48,Callean,Rojel,Male
49,Coop,Alcock,Male
50,Garrik,Beushaw,Male
51,Rees,Joynson,Male
52,Smitty,Gillbe,Male
53,Leonidas,Byrd,Male
54,Janella,Dwelling,Female
55,Corine,Womack,Agender
56,Vannie,Coldbath,Female
57,Wallie,Maryott,Male
58,Kamila,Matej,Female
59,Tobe,Janes,Female
60,Rory,Weild,Male
61,Bo,Seint,Male
62,Merill,Debrett,Male
63,Kip,Parmby,Male
64,Aurthur,Martensen,Male
65,Brucie,Abramovici,Male
66,Mirna,Dahmel,Genderfluid
67,Spence,Camble,Male
68,Jeni,Melly,Female
69,Herrick,Plumtree,Polygender
70,Simona,Gostyke,Female
71,Laverna,Grunwald,Female
72,Billie,Goulston,Female
73,Keary,Marvel,Male
74,Brien,Jacob,Male
75,Roby,Ferraraccio,Female
76,Cammie,Willeman,Female
77,Bar,Oakeby,Male
78,Dulcea,Whylie,Female
79,Hamlin,Baine,Male
80,Annadiana,d' Eye,Female
81,Franchot,Geratt,Male
82,Melody,Braizier,Female
83,Francyne,Gudahy,Female
84,Tim,Mayall,Female
85,Ree,Corbould,Female
86,Astrid,McCathy,Female
87,Clarine,Portman,Female
88,Osbourn,Giraudot,Male
89,Sylvester,Episcopi,Male
90,Desirae,Bewsey,Female
91,Law,Fincken,Male
92,Crin,Mortell,Female
93,Kalvin,Jose,Male
94,Monroe,Knolles-Green,Male
95,Elset,Catcheside,Female
96,Elna,Gudd,Female
97,Bree,Feeny,Female
98,Chrysler,McIlveen,Female
99,Shea,Andrews,Polygender
100,Bud,Costock,Male
101,Carley,Gaynes,Female
102,Corette,Vasyuchov,Female
103,Lilly,Zanolli,Female
104,Tera,Wann,Female
105,Jared,Union,Male
106,Herold,Cromleholme,Male
107,Anselma,Mitkov,Female
108,Whitney,Alejandro,Male
109,Michal,Felton,Male
110,Cordy,Vonasek,Female
111,Ryley,Songist,Male
112,Rochelle,Sell,Non-binary
113,Beniamino,Zucker,Male
114,Helena,Hurdle,Female
115,Stan,Ewbanke,Male
116,Joby,Morson,Female
117,Johannes,Gittoes,Non-binary
118,Breanne,Bowlands,Female
119,Forrester,Neissen,Male
120,Mellie,Noto,Female
121,Cosme,Butterworth,Male
122,Thomasina,Havis,Female
123,Billye,Blethyn,Female
124,Darby,Vallantine,Female
125,Saundra,Yankov,Female
126,Florian,Moresby,Non-binary
127,Adolph,Ivanitsa,Male
128,Julius,O'Luby,Male
129,Aimee,Albion,Female
130,Judie,McGoogan,Female
131,Francyne,Lailey,Female
132,Elna,Ruffli,Female
133,Leonard,Stebbins,Male
134,Rori,Ditts,Female
135,Hamid,Dossetter,Male
136,Amie,MacKellar,Female
137,Cameron,Atto,Male
138,Woodman,McCory,Male
139,Suzanna,Hensmans,Female
140,Catherine,Pamment,Female
141,Llywellyn,Halmkin,Male
142,Dur,Wildes,Male
143,Winston,Bloan,Male
144,Madison,Hegarty,Male
145,Dwight,Petran,Male
146,Edgard,Ferretti,Male
147,Clementia,O' Clovan,Female
148,Bernard,Kamienski,Male
149,Holly,Bleackley,Agender
150,Johnny,Garlette,Male
151,Patricio,Desorts,Male
152,Griffie,Keymer,Male
153,Mara,Brownsmith,Female
154,Alfredo,Hartropp,Male
155,Sarene,Izatson,Female
156,Othello,Middlebrook,Male
157,Corly,Gianolini,Female
158,Emmit,McIlrath,Genderfluid
159,Ciel,Phalp,Female
160,Jo ann,Tivenan,Female
161,Cris,Medgwick,Male
162,Elise,Darnbrook,Female
163,Katerina,Van Geffen,Genderqueer
164,Mattie,Revens,Female
165,Lillian,Reddoch,Female
166,Fran,Bosward,Female
167,Bone,Haddick,Male
168,Alford,Arsey,Male
169,Natalya,Brosetti,Female
170,Gasparo,Hazeman,Male
171,Gilemette,Jervoise,Female
172,Vittoria,Bolesworth,Female
173,Nero,Hainge,Polygender
174,Adlai,Ivushkin,Male
175,Darya,Cellone,Female
176,Caitlin,Chadwin,Female
177,Breanne,Satcher,Female
178,Isahella,Lorand,Female
179,Norman,Hollerin,Male
180,Jacinda,Blenkin,Female
181,Laurette,Vignal,Female
182,Sutton,Lafferty,Non-binary
183,Arni,Eakle,Male
184,Petra,Hatry,Female
185,Raul,Mandrier,Agender
186,Eziechiele,Grimes,Male
187,Jacques,Dymock,Male
188,Lorant,Beauly,Male
189,Lita,Yaakov,Female
190,Kayley,Spyer,Female
191,Tabbi,Julien,Genderfluid
192,Abbey,Ramplee,Agender
193,Abba,Turbard,Male
194,Leela,Axtens,Female
195,Milton,Talby,Male
196,Kip,Ccomini,Male
197,Hyacinth,Falkinder,Non-binary
198,Randene,Bluett,Female
199,Adan,Danelut,Female
200,Dannie,Aire,Female
201,Candice,Yesenev,Female
202,Sophi,Jachimak,Female
203,Raffaello,Kitney,Male
204,Ardra,Haburne,Female
205,Yetty,Sheppey,Female
206,Pammy,Hosten,Female
207,Buddie,Cafe,Male
208,Rogerio,Carlucci,Bigender
209,Nicol,Selburn,Genderfluid
210,Janis,Scrimshaw,Female
211,Genna,Henworth,Female
212,Haven,Hannay,Male
213,Terrye,Quaintance,Female
214,Gaven,Sphinxe,Male
215,Worden,Curbishley,Male
216,Celinka,Stormes,Female
217,Kassie,Chittenden,Polygender
218,Gilbert,Novotna,Male
219,Abbi,Iacofo,Bigender
220,Heida,Brigginshaw,Female
221,Padget,Scolts,Male
222,Andrea,Rostern,Male
223,Lilian,Luxen,Female
224,Desiree,Frigot,Female
225,Nana,Shickle,Female
226,Henrie,Towndrow,Female
227,Siobhan,Sacchetti,Female
228,Ellis,Baylis,Male
229,Susann,Sabate,Female
230,Germain,McGaraghan,Genderqueer
231,Yale,Skeath,Male
232,Yance,Primo,Male
233,Ginnie,Lardez,Female
234,Brennan,Vears,Male
235,Valera,Merryfield,Female
236,Aluin,Vain,Male
237,Claudian,Gouldsmith,Male
238,Josey,Wingatt,Non-binary
239,Romonda,Klaves,Female
240,Vivianne,McKinnon,Female
241,Troy,Mournian,Male
242,Rock,Heritege,Male
243,Erminie,Snugg,Female
244,Hilliard,Stait,Male
245,Homer,Ebbrell,Male
246,Teddy,Wasielewicz,Male
247,Celia,Dornan,Female
248,Rickey,Gives,Male
249,Buckie,Tilston,Male
250,Justus,Tattersill,Male
251,Hillyer,Gourdon,Male
252,Guss,Dorricott,Male
253,Buddy,Steers,Male
254,Palm,Selliman,Male
255,Shalom,Shipperbottom,Male
256,Berkie,Parrot,Male
257,Kendall,Pyatt,Male
258,Artie,Kitcher,Male
259,Octavius,Zylberdik,Male
260,Gerladina,Ellaway,Agender
261,Lexie,Grenville,Agender
262,Meryl,Alliker,Male
263,Tyrus,McDade,Male
264,Ina,Fairlem,Female
265,See,Michieli,Male
266,Valdemar,Cattow,Male
267,Kingsley,Mossman,Male
268,Alina,Enefer,Female
269,Marjory,Duffield,Non-binary
270,Sheila-kathryn,Bunker,Non-binary
271,Orlan,Tixier,Male
272,Elka,Colthurst,Female
273,Dare,Artus,Male
274,Annabel,Wyld,Female
275,Dierdre,Steynor,Female
276,Burke,Blacklock,Male
277,Archie,Alvis,Male
278,Leone,Roncelli,Genderqueer
279,Richmound,Eliasson,Male
280,Tammi,Bulch,Female
281,Thorndike,McKeon,Male
282,Ethan,Elan,Male
283,Wainwright,Rangeley,Male
284,Romain,Lovett,Male
285,Kristal,Seeney,Female
286,Bethanne,Tiernan,Female
287,Perkin,Demsey,Male
288,Kattie,Swiffin,Female
289,Alva,Gifford,Genderfluid
290,Chico,Ingham,Male
291,Ermengarde,Hyams,Female
292,Arly,Bracci,Female
293,Jsandye,Tomsu,Female
294,Blair,Greguol,Male
295,Denyse,Pulfer,Female
296,Nancey,Wontner,Female
297,Marge,Blamey,Female
298,Skye,Jurek,Male
299,Rosanne,Docharty,Female
300,Jacquette,Jiruca,Female
301,Odilia,Lipp,Female
302,Dolf,Swigg,Male
303,Cherida,Bierman,Female
304,Jewelle,Larcombe,Female
305,Laverna,Catenot,Female
306,Yoshi,Shanahan,Non-binary
307,Mitch,Boldero,Non-binary
308,Kristine,Jepps,Female
309,Cati,Koppes,Polygender
310,Lauraine,Brookes,Female
311,Darrin,Izod,Male
312,Creigh,Hardingham,Male
313,Allard,Blackburn,Male
314,Isaak,Hebbes,Male
315,Beau,Summerley,Male
316,Fredericka,Heeney,Genderqueer
317,Louise,Impy,Female
318,Sigrid,Deave,Female
319,Judas,Rozsa,Male
320,Pierre,McCrorie,Male
321,Alane,Sissland,Female
322,Car,McMickan,Male
323,Alfredo,Stieger,Male
324,Damiano,Graveney,Male
325,Nikolai,Shrimpton,Male
326,Craggy,Shirley,Male
327,Alley,Purkis,Male
328,Daniella,Ebsworth,Female
329,Amye,Mulliner,Female
330,Patti,Kipping,Female
331,Vittorio,Church,Male
332,Tanney,Salzen,Male
333,Farlee,Etches,Non-binary
334,Eduino,Spradbrow,Male
335,Vilhelmina,Late,Female
336,Dalston,Berens,Male
337,Garek,Pehrsson,Male
338,Dennie,Hearle,Female
339,Elisabetta,Paule,Female
340,Clarissa,Grassi,Female
341,Terence,Quinnell,Polygender
342,Jeremy,De Beneditti,Male
343,Winnah,Tatlowe,Female
344,Addy,Atherley,Female
345,Elyse,Horsey,Female
346,Carline,Martt,Female
347,Etienne,Hens,Male
348,Hermann,Franke,Male
349,Patton,Perrin,Male
350,Brock,Ganter,Male
351,Tulley,Hyams,Male
352,Marrissa,Demann,Female
353,Cecilia,Goodlet,Female
354,Aubrey,Goodfellowe,Female
355,Kathryne,Sicha,Female
356,Fredric,Gibke,Male
357,Howard,Hinkens,Male
358,Bobby,Oxnam,Female
359,Had,Duesberry,Male
360,Ginnie,Brackstone,Female
361,Ralf,Mapson,Male
362,Leonardo,Beig,Male
363,Genia,Benneyworth,Female
364,Jodie,Petraitis,Female
365,Rufe,Roft,Male
366,Jacquelynn,Silbermann,Female
367,Marinna,Frisby,Female
368,Brady,Edes,Bigender
369,Aurel,Haville,Female
370,Meredith,Bradnock,Male
371,Nevins,Williscroft,Male
372,Jedidiah,Bakes,Male
373,Piotr,Redgrave,Genderqueer
374,Rica,Orteaux,Female
375,Tracee,Fierman,Bigender
376,Laurene,Diamant,Female
377,Allys,Teliga,Female
378,Seamus,Picott,Male
379,Hildegaard,Likely,Female
380,Beatriz,Demko,Female
381,Aloise,Simmance,Female
382,Margette,Marven,Female
383,Clovis,Kos,Female
384,Keith,Howman,Male
385,Sterling,Polino,Male
386,Effie,Bernath,Genderqueer
387,Sophia,Maskew,Female
388,Giselle,Loos,Female
389,Zeb,Suggitt,Male
390,Kerwinn,Larvor,Male
391,Kamilah,Portsmouth,Female
392,Maisey,Nares,Female
393,Jemmie,Novill,Female
394,Idell,Hamblett,Bigender
395,Olivette,Jarlmann,Female
396,Glynn,Kenshole,Male
397,Brita,Child,Agender
398,Federico,Cote,Non-binary
399,Luke,Soulsby,Male
400,Marlee,Eversley,Female
401,Gabi,Crowdson,Male
402,Cord,Grummitt,Male
403,Imelda,Allport,Female
404,Prentice,Henniger,Male
405,Philly,Brumfield,Female
406,Lavina,Pidgley,Female
407,Raimondo,Driffill,Male
408,Madlin,Harwick,Female
409,Abra,Fardon,Female
410,Maryjo,Sille,Female
411,Jude,Titherington,Male
412,Gal,Wilshin,Male
413,Alonso,Fernihough,Male
414,Mischa,Hubbucks,Male
415,Chester,Samter,Male
416,Darci,Dyke,Female
417,Ulrich,Davenport,Male
418,Huey,Le feaver,Male
419,Heindrick,Saphin,Male
420,Adiana,Rooze,Female
421,Richard,Freak,Male
422,Conant,Beggs,Male
423,Fidelio,Challener,Male
424,Jacquie,Guiraud,Female
425,Anselm,Bassham,Male
426,Lil,Owers,Female
427,Kessiah,Lorey,Female
428,Kenna,Maidment,Genderfluid
429,Si,Upcraft,Male
430,Layla,Copland,Female
431,Andrew,Greatbach,Male
432,Federico,Caze,Male
433,Auberon,MacDermid,Male
434,Rafael,Gilluley,Male
435,Dino,Hurley,Male
436,Hettie,Holbury,Female
437,Ambros,Auchterlony,Male
438,Carlin,Strettle,Male
439,Riannon,McGilvary,Female
440,Tiff,Szubert,Agender
441,Ronny,Beining,Female
442,Lyn,Dorant,Male
443,Kizzee,Andreasen,Female
444,Vaughan,Godsmark,Male
445,Georgi,Glover,Male
446,Damara,McCarrell,Female
447,Herschel,Orwin,Genderfluid
448,Clim,Szymon,Male
449,Lindsy,Owen,Female
450,Sallie,Reinert,Female
451,Desiree,McIsaac,Female
452,Elke,McLafferty,Female
453,Annnora,Stutt,Agender
454,Darius,Broadnicke,Non-binary
455,Leo,Greystock,Male
456,Clair,Seville,Male
457,Janeczka,Cuthbert,Female
458,Stu,Waddup,Male
459,Constantina,Saunder,Female
460,Danny,Mattheis,Female
461,Hamnet,Heed,Male
462,Tarah,Farrants,Female
463,Edna,Janoschek,Female
464,Sioux,Lyst,Female
465,Dimitry,Abbot,Male
466,Doll,MacPaik,Female
467,Georg,Stokoe,Male
468,Bo,Cornils,Male
469,Isidora,McCallister,Female
470,Raoul,Gutridge,Male
471,Leesa,Coppock.,Female
472,Nicolas,Light,Male
473,Karney,Narracott,Male
474,Denney,Ixor,Male
475,Carleton,McAviy,Male
476,Web,Casarini,Male
477,Burch,Biernat,Male
478,Lesley,Zoppo,Male
479,Martita,Bartens,Female
480,Hurleigh,Dod,Male
481,Glendon,Camoys,Agender
482,Chancey,Bernot,Male
483,Willard,Ochiltree,Male
484,Marwin,Ramelot,Male
485,Kenna,Gowlett,Female
486,Mozes,Measham,Male
487,Nadean,Pavolini,Female
488,Barnard,Spalls,Male
489,Madelyn,Redmore,Polygender
490,Sherlocke,Messenbird,Male
491,Elicia,Gleeton,Genderfluid
492,Marlane,Cremer,Female
493,Eldredge,Chippindall,Male
494,Louisa,Vinau,Female
495,Philip,McLoney,Male
496,Desmund,Glason,Male
497,Othella,Oakwood,Agender
498,Langsdon,Misselbrook,Male
499,Martainn,Pilch,Male
500,Rayshell,O'Halleghane,Female
501,Arlana,Gaitley,Female
502,Barbaraanne,Ashwell,Female
503,Jandy,Minty,Female
504,Meredith,Queripel,Female
505,Fawne,Kalvin,Female
506,Dalis,Aime,Male
507,Bea,Emnoney,Genderqueer
508,Wendall,McKeggie,Male
509,Essa,Piggford,Female
510,Johan,Ratnege,Male
511,Wayne,Pideon,Male
512,Garth,Deards,Male
513,Lianna,Camock,Female
514,Mill,Dunham,Male
515,Andeee,Gilstoun,Female
516,Ginni,Bartak,Female
517,Anastassia,Rayner,Female
518,Celene,Kwietak,Female
519,Elissa,Gethings,Female
520,Darlene,Wiper,Female
521,Carling,Lauderdale,Male
522,Walsh,Holsey,Genderqueer
523,Benedicto,Riordan,Male
524,Bradney,Kullmann,Male
525,Brantley,De Malchar,Male
526,Ilyssa,Missenden,Female
527,Dani,Gumme,Female
528,Zechariah,Burwell,Male
529,Kermit,Iorizzi,Male
530,Hersh,Millmoe,Male
531,Beatrice,Groucock,Female
532,Mirabella,Sutterfield,Female
533,Guillema,Cashley,Female
534,Pauly,Riatt,Female
535,Lance,Hefforde,Male
536,Dyanne,Tabourin,Female
537,Maryellen,Royse,Female
538,Aindrea,McGrann,Female
539,Kaitlynn,Faichnie,Female
540,Sven,Tivolier,Male
541,Shel,Remnant,Female
542,Aeriel,Canby,Female
543,Ashil,Furmedge,Female
544,Carolus,Balch,Genderfluid
545,Cristie,Ferber,Female
546,Averil,Quixley,Female
547,Karoly,Tynewell,Female
548,Emmy,Ducker,Female
549,Jory,Chaudron,Male
550,Binny,Tremelling,Female
551,Hildegaard,Knyvett,Female
552,Nicol,McCartney,Genderfluid
553,Alia,Yoxall,Female
554,Lynett,Esslement,Female
555,Prudy,Killelay,Female
556,Archibaldo,Targe,Male
557,Nataniel,Cowthart,Male
558,Fletch,Ryall,Bigender
559,Lorne,Purvey,Female
560,Tobe,Mc Corley,Male
561,Janeta,Threadgall,Female
562,Bertram,Botler,Male
563,Timofei,Middle,Male
564,Isidore,Schruyers,Male
565,Petronilla,Selman,Female
566,Hermia,Rackham,Female
567,Ingrim,Thoresby,Male
568,Elenore,Archibould,Female
569,Rex,Walthew,Male
570,Johnathan,Cossington,Male
571,Gabbi,Ible,Female
572,Dorian,Ovendale,Male
573,Levon,Whatford,Male
574,Waldemar,Casham,Male
575,Cobby,Wike,Male
576,Anders,Youster,Male
577,Omar,Brittain,Male
578,Magdalen,Fairhurst,Bigender
579,Franky,Knudsen,Male
580,Josiah,D'Aeth,Genderqueer
581,Ciel,Barstowk,Female
582,Stanly,Woodthorpe,Male
583,Krysta,Cheesworth,Female
584,Sydney,Braams,Male
585,Dimitri,Sudlow,Male
586,Dag,Smitheman,Male
587,Thurstan,Collingridge,Male
588,Glen,Grimsdell,Male
589,Sidonnie,Briffett,Female
590,Ashlan,Fontes,Female
591,Hayes,Escolme,Male
592,Sonny,Bicheno,Female
593,Clint,Gorham,Male
594,Nanon,Jaimez,Female
595,Werner,Luker,Male
596,Millard,Creffield,Male
597,Sancho,Janjusevic,Male
598,Vincent,Peracco,Male
599,Elwyn,Jopling,Male
600,Daryl,Keepence,Male
601,Mirabelle,Fenne,Female
602,Burt,Langthorn,Male
603,Ina,Pippin,Female
604,Russ,Dysart,Male
605,Jody,Kleen,Male
606,Brunhilde,Burgess,Female
607,Cornie,McNee,Male
608,Jayson,Dobson,Male
609,Conny,Thorneloe,Male
610,Kacy,Handscombe,Female
611,Frederica,Patsall,Female
612,Clywd,Poure,Male
613,Shir,Todhunter,Female
614,Clarine,Binney,Female
615,Donn,Kinnin,Male
616,Viole,Braunes,Female
617,Kenon,Vaun,Male
618,Mella,Pallant,Bigender
619,Christiana,Spada,Female
620,Tom,Bagnal,Male
621,Claudian,Siney,Male
622,Maury,Tocqueville,Male
623,Elfreda,Waterland,Agender
624,Parker,Scottesmoor,Male
625,Chico,Whewell,Bigender
626,Wileen,Brahms,Female
627,Tomas,Musgrove,Male
628,Karon,Mawtus,Female
629,Farris,McPhail,Male
630,Leroi,Inglese,Male
631,Nolana,Readwood,Female
632,Legra,Scola,Female
633,Myrle,Tritton,Female
634,Stanton,Sturgess,Male
635,Bailey,Stredwick,Male
636,Nico,O'Cullinane,Male
637,Tom,Schubart,Male
638,Cloe,Brisker,Female
639,Neilla,Mathew,Female
640,Courtnay,Dawton,Male
641,Cass,Wilford,Polygender
642,Tobe,O' Mara,Female
643,Poul,Tink,Male
644,Georgi,Freer,Male
645,Austin,Sloss,Female
646,Cathryn,Trusslove,Female
647,Issie,Thain,Female
648,Salem,Brim,Male
649,Lynn,Menicomb,Genderfluid
650,Rayshell,Lakin,Female
651,Jacquette,Hassin,Female
652,Elonore,Beyn,Female
653,Timotheus,Staggs,Male
654,Anitra,Greensall,Female
655,Madelina,Celle,Female
656,Obadias,Potier,Agender
657,Beatrice,Sayles,Polygender
658,Michelle,MacBain,Female
659,Letti,Pley,Female
660,Tabbie,Perren,Male
661,Claudine,Semarke,Female
662,Rosalinde,Newbigging,Female
663,Winne,Jeaves,Female
664,Etan,Cattroll,Bigender
665,Koren,Swalowe,Female
666,Laurene,Lyfe,Female
667,Farr,Phonix,Male
668,Leontine,Karby,Female
669,Basilio,Dyer,Male
670,David,Sizland,Agender
671,Ingamar,Chaldecott,Male
672,Tobiah,Yielding,Male
673,Caron,Crawshay,Female
674,Candida,Merida,Female
675,Kissie,Tither,Female
676,Fancie,Dusey,Female
677,Lindi,Veillard,Female
678,Charles,Falla,Male
679,Tabbi,Colbridge,Genderfluid
680,Welsh,Wallen,Male
681,Maure,Clues,Female
682,Calhoun,Cowling,Non-binary
683,Kellina,Kitto,Female
684,Cora,Vasyunin,Female
685,Merridie,Paulucci,Female
686,Wynn,Leve,Genderfluid
687,Aubrey,Benford,Female
688,Pearce,Prandini,Male
689,Charlton,Durrell,Bigender
690,Kristos,Mirralls,Male
691,Fannie,Escale,Female
692,Urbanus,Wishart,Male
693,Jolie,Schirach,Female
694,Lissa,Cullington,Female
695,Mersey,Over,Genderqueer
696,Hirsch,Wilkennson,Male
697,Federica,Wiper,Female
698,Carin,Claworth,Female
699,Bibbie,Emmison,Bigender
700,Marley,Kiehne,Female
701,Kalina,Larkby,Female
702,Nickola,Harnetty,Male
703,Ferris,O' Hogan,Male
704,Dottie,Witherspoon,Female
705,Brandyn,Paaso,Male
706,Olin,Millott,Male
707,Rutter,Davidovic,Male
708,Syman,Balmforth,Male
709,Adan,Ahrenius,Female
710,Michaella,Jessopp,Non-binary
711,Gale,Dwelly,Female
712,Ethyl,Abel,Polygender
713,Vale,Hamil,Non-binary
714,Urbain,MacCorley,Genderqueer
715,Zack,Pringour,Male
716,Cathie,Eddleston,Female
717,Osbert,Pilmoor,Male
718,Darcie,Oag,Female
719,Daryle,Cartledge,Bigender
720,Brooks,MacKey,Female
721,Elle,Baignard,Agender
722,Claiborn,Peacock,Male
723,Matthaeus,Wimes,Male
724,Cletis,Drake,Male
725,Scott,Fealy,Male
726,Hayyim,O'Cassidy,Male
727,Pier,Stood,Female
728,Reider,Halley,Male
729,Mic,Lack,Male
730,Alfred,Minihane,Male
731,Midge,Von Salzberg,Female
732,Hanson,Stallard,Agender
733,Tessa,Sieur,Female
734,Coleman,Congdon,Male
735,Caesar,Burke,Male
736,Doralin,Theobalds,Female
737,Gerrie,Gilders,Female
738,Mohandis,Quiney,Male
739,Whit,Aspland,Polygender
740,Livia,Sighart,Female
741,Junette,Wheeldon,Female
742,Meredith,Willars,Genderqueer
743,Marylynne,Teresa,Female
744,Giulia,Charlick,Female
745,Logan,Haryngton,Male
746,Corey,Gillon,Male
747,Orbadiah,Tynan,Male
748,Romola,Asling,Female
749,Jermaine,Jakeman,Female
750,Ethelred,Houldcroft,Male
751,Waldon,Waddup,Male
752,Stephie,De Cristoforo,Genderqueer
753,Glad,Vickerman,Female
754,Hernando,De La Hay,Male
755,Reube,Poytress,Male
756,Kelsey,Stollwerk,Male
757,Gwenny,Chesterton,Female
758,Lucille,Furzey,Female
759,Nolana,Ivermee,Agender
760,Leoline,Deverson,Female
761,Eldin,Presslee,Male
762,Linc,Keuneke,Male
763,Giselbert,Linnard,Male
764,Marj,Luciano,Female
765,Bobby,Marlor,Male
766,Lewes,Inchley,Male
767,Tallie,Staresmeare,Female
768,Moishe,Gudge,Male
769,Dorelia,Calcut,Female
770,Hall,Reymers,Male
771,Morgen,Kerfod,Male
772,Orelee,Bourner,Female
773,Zitella,Baldi,Female
774,Giacobo,Mibourne,Male
775,Eloise,Donaway,Female
776,Georgie,Castrillo,Female
777,Catina,Dunbleton,Female
778,Sidonia,Zanassi,Female
779,Berkly,Crown,Male
780,Shay,Clashe,Female
781,Alaine,Celle,Female
782,Darby,Holmyard,Female
783,Fax,Middlemist,Male
784,Bill,Kingswold,Male
785,Kaye,Treswell,Female
786,Berenice,Kopmann,Female
787,Tony,Denzilow,Male
788,Laurette,Bowhey,Female
789,Lorrie,Powe,Male
790,Loydie,Keningley,Male
791,Sarge,Streetley,Male
792,Tobin,Masselin,Agender
793,Hesther,Winham,Female
794,Torr,de Najera,Male
795,Fulvia,Goodfield,Female
796,Amble,Copnar,Male
797,Catharine,Hannis,Female
798,Guthrey,Stoffels,Male
799,Francois,Sisselot,Male
800,Aindrea,Reedie,Female
801,Rowney,Reveland,Male
802,Gallagher,Isaksson,Male
803,Cale,Skirling,Male
804,Hi,Nijssen,Male
805,Ethelind,Flecknell,Female
806,Micky,Patis,Male
807,Eddie,Ableson,Female
808,Henri,Tamplin,Male
809,Leia,Nye,Female
810,Julita,Wemm,Female
811,Lauretta,Troctor,Female
812,Rayna,Croad,Female
813,Raddy,Orrow,Male
814,Ugo,Ickovitz,Male
815,Shara,Mithun,Female
816,Franciska,Lawther,Genderfluid
817,Lorrie,Full,Male
818,Ardine,Archibold,Female
819,Leroy,Costley,Male
820,Adey,Fearnill,Female
821,Willette,Checkley,Agender
822,Harper,Johanssen,Male
823,Wye,Grinyov,Male
824,Mile,Werrit,Male
825,Erv,Claringbold,Male
826,Vincenz,Alliband,Male
827,Dorita,Orlton,Female
828,Elena,Thompkins,Polygender
829,Joceline,Astling,Female
830,Leif,Hobbema,Male
831,Happy,Goreisr,Female
832,Dorelle,Edgeller,Female
833,Connie,Hurley,Genderqueer
834,Angela,Gouldstraw,Female
835,Honey,Manketell,Female
836,Ame,Goodchild,Female
837,Gregg,Tripean,Male
838,Lindsey,Scoular,Male
839,Brandyn,De Freyne,Male
840,Libbie,Coates,Female
841,Antons,Wolledge,Male
842,Gaylor,Sponer,Male
843,Emelita,Teal,Female
844,Johnathon,Belcham,Male
845,Udell,Reitenbach,Male
846,Feliks,Guswell,Male
847,Madalyn,Goldson,Female
848,Mirelle,MacElholm,Non-binary
849,Jorie,Surby,Female
850,Nappy,Lawland,Male
851,Gabriell,Schach,Female
852,Josefa,Edgley,Female
853,Brenna,Upward,Female
854,Marwin,Lung,Non-binary
855,Andromache,Corrin,Female
856,Nerita,Mauchline,Female
857,Johann,Heliot,Male
858,Lyon,Harland,Male
859,Kahaleel,Pettit,Male
860,Cortney,Dietsche,Female
861,Randal,Bywater,Polygender
862,Rhodie,Ruske,Female
863,Bendicty,Whyborn,Male
864,Harmon,Knibley,Male
865,Joachim,Sergant,Male
866,Lorenza,Fraser,Female
867,Freemon,Scolli,Male
868,Marrilee,Blacksland,Female
869,Elfie,Doddemeade,Female
870,Pooh,Scadden,Genderqueer
871,Albie,Balog,Male
872,Amie,Coulthart,Female
873,Siobhan,Franzolini,Female
874,Conney,Shattock,Male
875,Far,Clears,Male
876,Jeanie,Leamon,Female
877,Halette,Lidbetter,Female
878,Dore,Filoniere,Male
879,Nikaniki,Belvard,Polygender
880,Wyn,Pettigree,Male
881,Micah,Von Welldun,Male
882,Dela,Hillburn,Female
883,Dall,D'Andrea,Male
884,Lanni,Mash,Bigender
885,Pauletta,Fandrey,Female
886,Liane,Culkin,Female
887,Nickey,Walford,Male
888,Friedrich,Gallie,Male
889,Kennie,Cestard,Male
890,Gabby,Braybrookes,Male
891,Laird,Clemence,Male
892,Lockwood,Herety,Male
893,Abbie,Elloy,Male
894,Maxim,Cherrett,Male
895,Gill,Doelle,Female
896,Wald,Wennington,Male
897,Conant,Duligal,Male
898,Woody,Pigne,Male
899,Darice,Phipson,Female
900,Elicia,Welds,Female
901,Karlie,Gotch,Female
902,Felecia,Vowdon,Female
903,Maia,Lowsely,Female
904,Maxy,Dungey,Male
905,Judith,Portwain,Female
906,Lusa,Groundwater,Female
907,Rana,Sedcole,Female
908,Mariele,Giller,Female
909,Derrek,Pitchers,Male
910,Heloise,Dulwitch,Female
911,Emmerich,Whiteoak,Male
912,Ealasaid,MacNeachtain,Female
913,Ulick,Isherwood,Male
914,Eli,Rodson,Male
915,Ninnette,Ashwin,Female
916,Jameson,Beminster,Male
917,Sherye,Hankins,Female
918,Cordelia,Halahan,Female
919,Loren,Dell Casa,Female
920,Luce,Mayler,Agender
921,Carter,Endersby,Male
922,Abie,Everton,Male
923,Merrielle,Kenshole,Female
924,Rabi,Coils,Male
925,Rudd,Giamelli,Male
926,Amy,Benoy,Female
927,Jayne,Colebourn,Female
928,Randy,Micheu,Male
929,Davidson,Dashwood,Male
930,Tate,Jachimczak,Female
931,Milo,Coppens,Non-binary
932,Karl,Rozet,Male
933,Nelle,Georghiou,Female
934,Seamus,Lawfull,Male
935,Jerrie,Playdon,Female
936,Lutero,Whear,Male
937,Rochette,McGougan,Female
938,Krishna,Sey,Male
939,Horatius,Flucker,Male
940,Lauretta,Earingey,Female
941,Aila,Rumbold,Female
942,Lori,Kneal,Female
943,Helsa,Bockett,Female
944,Dale,Rosencwaig,Female
945,Devonne,Dybell,Female
946,Marvin,Clerc,Male
947,Blaine,Addington,Agender
948,Hadley,Fearnsides,Male
949,Ban,Dyzart,Male
950,Edythe,Bispham,Female
951,Junie,Corlett,Female
952,Antonietta,Giddy,Female
953,Kenn,Henzley,Male
954,Goldy,Bastick,Female
955,Bartlet,Handscomb,Male
956,Aveline,Feronet,Female
957,Ronald,Braiden,Male
958,Ashly,Brennen,Female
959,Keefe,Roch,Male
960,Thornie,Colbert,Male
961,Nicholle,Cartman,Female
962,Lyle,Grocutt,Male
963,Cissy,Peirce,Genderfluid
964,Diarmid,McCotter,Genderqueer
965,Phyllys,Phillpotts,Female
966,Quintilla,Terram,Female
967,Katina,Lukasik,Female
968,Cedric,Pulman,Male
969,Dimitry,Cansfield,Male
970,Karissa,Males,Female
971,Royce,Lavery,Male
972,Rosemary,Adao,Female
973,Dermot,Hodges,Agender
974,Erna,Tipling,Female
975,Koralle,Moxted,Female
976,Pamella,Craisford,Agender
977,Kingston,Wesgate,Male
978,Cate,Bindin,Agender
979,Gertie,Galfour,Female
980,Kaylee,Lonsbrough,Female
981,Maryellen,MacCambridge,Female
982,Minnaminnie,Midlar,Female
983,Vinny,Hevey,Female
984,Julia,Banham,Genderqueer
985,Helenelizabeth,Dredge,Female
986,Ezekiel,Assad,Male
987,Leelah,Castleman,Female
988,Olympia,Bolino,Female
989,Erminia,Salvador,Female
990,Berget,Bazeley,Female
991,Mellicent,Capstack,Female
992,Brien,Ruxton,Male
993,Kerry,Dablin,Male
994,Gabe,Reekie,Male
995,Barnaby,Hunt,Male
996,Marcelia,Shilladay,Female
997,Beatrisa,Rosina,Female
998,Nicki,Kirkam,Female
999,Christye,Tingcomb,Female
1000,Jamey,McAvinchey,Male
