id,first_name,last_name,customer_id
1,Casar,Buchan,525
2,Tabatha,Mathes,235
3,Brunhilde,Moreno,393
4,Osmund,Matfin,355
5,Alvie,Blennerhassett,911
6,Griffith,Bartalot,474
7,Jessamine,De Caville,962
8,Camile,Gosalvez,547
9,Ronnica,Jellis,855
10,Demetrius,Rigden,334
11,Barb,Dyster,970
12,Dal,Choulerton,252
13,Alix,Blankley,2
14,Ardisj,Balser,757
15,Grayce,Brookhouse,16
16,Papageno,Everil,175
17,Frank,Fellis,97
18,Putnem,Baigrie,893
19,Ulrika,Edsall,199
20,Sabine,Sibbs,558
21,Luke,Ifill,152
22,Alberik,Scarratt,876
23,Borden,Carruth,709
24,Nanni,Hulls,649
25,Zita,Solan,793
26,Brena,Stroband,269
27,Aurelia,Lowis,613
28,Nancy,Truss,491
29,Mile,Juliff,188
30,Nelson,Boarleyson,515
31,Layney,Odom,125
32,Justine,Janowski,548
33,Sonny,Etchells,699
34,Merrie,Leathwood,551
35,Marci,Roebottom,557
36,Jami,Wait,511
37,Devin,Currie,937
38,Biddie,Boom,514
39,Anallise,Dannehl,992
40,Renata,Piller,473
41,Mair,Eberle,179
42,Florette,Kilshall,939
43,Waylon,Frisch,58
44,Germana,Fellgate,95
45,Inness,O' Faherty,48
46,Lowrance,Kirkness,285
47,Marten,Peaple,280
48,Marchall,Repper,667
49,Wallis,Blundell,758
50,Natalee,Maddin,990
51,Claudelle,Sneaker,326
52,Paolo,Yosifov,684
53,Dante,Joynes,698
54,Conn,Kleanthous,207
55,Portie,Marchington,911
56,Raff,Dadley,125
57,Taylor,Mish,371
58,Essie,Spiteri,128
59,Sylas,Hallward,445
60,Jose,McGann,225
61,Mitzi,Tremellan,925
62,Kelley,Holwell,631
63,Willy,Mence,192
64,Margareta,Sargint,901
65,Kristoforo,Wickson,808
66,Mariellen,Goldston,260
67,Cristi,Faveryear,901
68,Angel,Leyborne,497
69,Tilly,Giorgione,303
70,Tully,Carver,532
71,Feliza,Wooder,716
72,Perla,Fifoot,913
73,Annora,Giller,893
74,Yorgo,Sim,891
75,Pryce,Berick,883
76,Kittie,Sharvell,248
77,Harbert,Davidovic,992
78,Bradan,Keavy,190
79,Dagny,Greenhalgh,528
80,Roosevelt,Causbey,327
81,Sabra,Extill,570
82,Suzie,Iremonger,807
83,Layney,Kohrsen,250
84,Joell,Hardes,445
85,Hardy,De Cleyne,772
86,Isabelita,Billo,834
87,Billie,Hugill,914
88,Corine,Castagno,27
89,Marchelle,Gonsalvo,44
90,Claudian,Eagers,318
91,Eirena,Payn,332
92,Paige,Dowgill,688
93,Anabel,Christou,469
94,Waylon,Omond,700
95,Talia,Sodory,485
96,Hephzibah,Barnwille,441
97,Adara,Lazare,940
98,Shelia,Roland,498
99,Laughton,Greenard,987
100,Skippy,Zmitrichenko,379
101,Udall,Arrundale,543
102,Emmit,Zammett,236
103,Libbie,Chessel,173
104,Lilia,Biasetti,582
105,Cirstoforo,Scorey,946
106,Nestor,Titford,638
107,Vyky,Gymblett,73
108,Merill,Mantione,253
109,Wallas,Smails,483
110,Dani,Jahnel,653
111,Bryant,Stealfox,261
112,Deerdre,Kelloch,726
113,Sascha,McDermot,25
114,Fay,Sinnott,310
115,Bjorn,Eddowis,284
116,Andie,Rohlfing,60
117,Blanche,Skottle,687
118,Tedi,Fancutt,69
119,Carmen,Martinovsky,162
120,Errick,Berfoot,203
121,Derek,Lawrenson,891
122,Orville,Raddan,671
123,Jori,Gayden,335
124,Kimbell,Gossop,14
125,Hubey,Storie,22
126,Anya,Scaice,616
127,Walliw,Dominici,726
128,Teena,Larmouth,78
129,Tyson,Stanlike,23
130,Feliza,Maciaszek,590
131,Moore,Ganiclef,304
132,Nicholle,Dofty,249
133,Blake,Mallock,74
134,Maynord,Humble,956
135,Sutton,Netting,149
136,Gretna,Copp,283
137,Lyn,Loyndon,882
138,Simeon,Peggrem,577
139,Kimberlyn,Locarno,904
140,Gordy,Caile,364
141,Cherish,Brailey,101
142,Teirtza,Lathee,553
143,Delly,Dangerfield,278
144,Sile,Danbrook,700
145,Teresita,Weyman,868
146,Bradley,Sturney,45
147,Aurie,Croasdale,166
148,Saunders,Nanson,363
149,Preston,Josefsohn,86
150,Hogan,Wildt,41
151,Shelba,Gildroy,782
152,Tessy,Melladew,479
153,Michal,Hiskey,32
154,Miner,Whinney,429
155,Fanchon,Sydall,981
156,Jamil,Jerram,119
157,Tabb,Mathieson,482
158,Karena,Greenside,109
159,Almire,Tomkin,430
160,Hermione,Sturrock,746
161,Gilberto,Ortell,879
162,Frieda,Masden,424
163,Kathe,Easson,436
164,Janine,Birdseye,106
165,Deanne,Karolczyk,545
166,Mart,Kures,618
167,Skelly,Lossman,682
168,Zacharia,Friedenbach,643
169,Marta,O'Reilly,382
170,Marlowe,Casaccio,713
171,Nonie,Riseley,81
172,Shandee,Pickwell,58
173,Engelbert,Pyrah,160
174,Sallie,Skipsea,616
175,Mateo,Delnevo,190
176,Maye,Cubbino,863
177,Xerxes,Leynagh,276
178,Irina,Aberdalgy,870
179,Darb,Stoffer,258
180,Alfons,Wastell,321
181,Alvie,Verissimo,484
182,Winifield,Deftie,534
183,Jeanie,Conradsen,665
184,Brinn,Veryard,284
185,Wenda,Farnfield,492
186,Hussein,Lamyman,622
187,Nicolai,Harwood,263
188,Suki,Syddon,554
189,Rube,Fishly,936
190,Dory,Edgars,246
191,Emmy,O'Currane,238
192,Kassandra,Seyler,887
193,Lombard,Gullis,855
194,Monro,Faro,104
195,Naomi,Lark,392
196,Mandi,Leyrroyd,451
197,Graig,Setchell,44
198,Lenee,Stuckow,935
199,Arlyn,Merrydew,892
200,Percival,Mc Kellen,471
201,Ronny,D'Ruel,847
202,Romola,Presman,623
203,Miguelita,Arrandale,445
204,Natividad,Castellanos,22
205,Oneida,Tzuker,283
206,Carling,Lunck,201
207,Michaelina,Sabates,112
208,Donelle,Kermon,692
209,Brianna,Lumbers,352
210,Andrus,Catonne,160
211,Alexina,Clohisey,420
212,Perl,Beachem,408
213,Jannelle,O'Gavin,736
214,Laureen,Brugman,880
215,Rosalinda,Darmody,245
216,Ardys,Torra,952
217,Aile,Howsin,816
218,Kinny,Kestle,18
219,Cassondra,Henriksson,862
220,Gussi,Oles,373
221,Mag,Danzey,784
222,Jaquelyn,Summerscales,460
223,Julina,Millam,568
224,Stormi,Claussen,319
225,Lura,Burth,512
226,Barbabas,Moyce,52
227,Danna,Henri,253
228,Read,Cunney,493
229,Rocky,Omar,657
230,Dore,Tabram,611
231,Putnam,Rosewell,965
232,Dorelle,Staig,752
233,Rosetta,MacDonnell,443
234,Neila,Staples,878
235,Rebekkah,Kuhnhardt,239
236,Nancy,Jane,291
237,Hadlee,MacRinn,134
238,Vivianne,Daverin,905
239,Janene,Wherrett,219
240,Horten,Gillum,424
241,Davon,Brunetti,438
242,Eada,Olner,12
243,Man,Greatrex,932
244,Odille,Gregore,250
245,Ranna,Saltmarshe,302
246,Yuri,Petzolt,610
247,Gearard,Cullinan,184
248,Nate,Heatherington,639
249,Candide,Skurray,194
250,Will,Rosenstein,871
251,Martha,Martello,677
252,Justis,Wabey,295
253,Jacquelyn,Caudle,124
254,Zola,Cohen,948
255,Jolie,Alp,316
256,Margalit,Mapplebeck,973
257,Timothea,Scryne,881
258,Worthy,Pay,722
259,Bram,Aylin,886
260,Brina,Galbreth,846
261,Janeta,Caudrelier,571
262,Cate,Gherardelli,940
263,Prinz,Puddan,978
264,Fayette,Vear,630
265,Alameda,Kissock,616
266,Reube,Geroldi,272
267,Fabio,Jopp,349
268,Abra,Epdell,379
269,Austine,Fillary,107
270,Mariska,Beton,396
271,Cris,Keats,863
272,Curtis,Shovlar,772
273,Kyrstin,Trank,578
274,Deeann,Sizzey,206
275,Abigail,Wallsworth,701
276,Jada,MacClay,75
277,Ebeneser,Sifleet,855
278,Roch,Bare,122
279,Sly,Raincin,446
280,Lothaire,Orritt,536
281,Domenico,Bareham,143
282,Derrick,Riddett,974
283,Rosabel,Teml,362
284,Antonia,Roskams,17
285,Theodora,Cestard,186
286,Henrik,Lindenman,929
287,Emelina,Harland,54
288,Salome,Lambole,835
289,Vikky,Fibbitts,462
290,Shelley,Klimashevich,766
291,Virginia,Frankcom,877
292,Nevsa,Alvaro,489
293,York,Salsberg,912
294,Umberto,Symson,886
295,Cherrita,Castro,136
296,Natividad,Jeffryes,833
297,Earlie,Jaycocks,436
298,Carolee,Davydoch,152
299,Chrysa,Dollard,624
300,Kevina,Yetton,273
301,Iggie,Ganning,460
302,Romeo,Wainman,236
303,Rosalie,Matschek,949
304,Parsifal,Stebbin,543
305,Jessa,Cherryman,515
306,Harley,Bowlesworth,835
307,Galven,Lawrie,888
308,Jean,Rogez,989
309,Gasper,Stepto,588
310,Lucine,Laterza,956
311,Thomasine,Whisby,248
312,Dorella,Castelluzzi,471
313,Malena,Gapper,483
314,Hertha,Digan,188
315,Florencia,Clackers,738
316,Jason,Middleweek,344
317,Betty,Capini,262
318,Orsola,Erricker,255
319,Farica,Cammocke,583
320,Patton,Domney,278
321,Ira,Say,469
322,Livia,Carloni,87
323,Lief,Standrin,186
324,Ginger,Branche,390
325,Garret,Hablot,735
326,Leigha,Baff,444
327,Ethelred,Ellington,248
328,Robena,Stanyer,178
329,Itch,Davio,179
330,Gale,Rouge,545
331,Wilfred,Bedinham,777
332,Veradis,Kittoe,92
333,Saul,Flag,480
334,Sarita,Cooling,495
335,Crawford,Bickerstasse,705
336,Rudolf,Gall,477
337,Jermaine,Botwright,425
338,Jacobo,Poultney,748
339,Libbie,Dunridge,328
340,Morie,Chatwood,415
341,Sharlene,Buddles,875
342,Farrel,Cardenas,551
343,Ryon,Gianasi,39
344,Ernesta,Vennings,175
345,Gussie,Laker,398
346,Conni,Lowdes,357
347,Jamey,Duchateau,968
348,Laughton,Gammack,476
349,Darby,Shearston,609
350,Ashlen,Thridgould,721
351,Christina,Impey,855
352,Gloriane,Blaske,499
353,Fulvia,Kern,234
354,Mickie,Castel,484
355,Clair,Ambrosoni,56
356,Marshall,McQuillin,427
357,Gypsy,Gilman,462
358,Amii,Tolcharde,395
359,Vally,Peery,407
360,Antonia,Reader,181
361,Shalne,Tittershill,787
362,Kinna,Cutcliffe,477
363,Harri,Ruzicka,85
364,Wendeline,Delicate,954
365,Marna,D'Oyley,432
366,Cora,Arkil,946
367,Dorian,Emsley,584
368,Aubrey,Wagstaffe,741
369,Stephani,Stienton,275
370,Waiter,Hawtrey,344
371,Ethelyn,Jurkiewicz,651
372,Constance,Natalie,546
373,Rouvin,Chopping,210
374,Bill,Duncklee,359
375,Pandora,Moy,347
376,Wallie,Brothwood,599
377,Christabella,Gegay,2
378,Arne,Swaite,818
379,Angelika,Mounter,331
380,Nissy,Leathley,927
381,Lucho,Yarranton,754
382,Agace,Bigley,377
383,Sondra,Danis,450
384,Gualterio,Kinleyside,207
385,Elihu,Brealey,217
386,Orsola,Helix,556
387,Rafa,Doxsey,444
388,Maxwell,Gierhard,315
389,Evita,Mecozzi,1
390,Doll,Caruth,678
391,Anatole,Falcus,516
392,Adams,Hovel,319
393,Jard,Gibberd,987
394,Erek,Crankshaw,979
395,Minor,Ramlot,636
396,Derron,Bortolussi,977
397,Morganica,Bartolozzi,737
398,Cullen,Edelheit,406
399,Buddy,Campagne,691
400,Rooney,Hastler,58
401,Vernon,Slidders,303
402,Bertrando,De la croix,254
403,Ber,Hudleston,290
404,Humbert,Strongman,489
405,Natalie,Whittleton,946
406,Peggie,Falconer,834
407,Mariska,Rowlatt,912
408,Ramon,Grunguer,434
409,Nevins,Alway,153
410,Donetta,Pennells,597
411,Huberto,Mickan,257
412,Michel,Eglinton,857
413,Karol,McNern,75
414,Marcella,Busst,456
415,Aurelia,Dandie,181
416,Loreen,Copcutt,55
417,Onida,Klagges,642
418,Richard,Lugg,5
419,Kristi,Joanic,156
420,Ravid,Thoumasson,722
421,Gerrie,Juan,740
422,Natala,Laise,712
423,Marjory,Brockwell,337
424,Sam,Buncher,434
425,Hilario,Linke,362
426,Godard,Lettsom,160
427,Lowrance,Gueinn,301
428,Debee,Tefft,274
429,Tadio,Smeall,742
430,Tandi,Snoad,7
431,Irving,MacAdam,271
432,Katine,Willgoss,429
433,Noble,Verrall,998
434,Valma,Adey,813
435,Brigitta,Hughill,945
436,Candice,Monketon,49
437,Lorin,Crowter,167
438,Pen,Elford,903
439,Gisela,Vanshin,452
440,Adara,McConnell,745
441,Glen,Garrigan,234
442,Rudolf,Wrixon,474
443,Mandie,Jacquemot,796
444,Drusie,Malimoe,543
445,Maxie,Bushell,289
446,Merralee,Clayal,175
447,Cory,Scoles,442
448,Matty,Shuttell,227
449,Gris,Vlies,309
450,Elizabeth,Wiffill,427
451,Alisha,McCoish,860
452,Vikky,Ewbank,743
453,Starlin,Colliford,249
454,Monah,Coggins,761
455,Stanley,Gerling,349
456,Laurens,Paddeley,565
457,Cassius,Binden,886
458,Prudi,Elcome,705
459,Estrellita,Vannuccini,864
460,Urban,Boarleyson,60
461,Benita,Andrioni,267
462,Gherardo,Ixer,399
463,Sholom,Kearn,189
464,Danielle,Riveles,872
465,Clarinda,Di Meo,272
466,Celeste,Illyes,799
467,Amerigo,Gorch,643
468,Ferd,Peffer,109
469,Aeriell,Jotcham,156
470,Pren,Shackell,701
471,Alexandr,Digg,458
472,Batholomew,De Giorgis,549
473,Janelle,Epgrave,492
474,Ram,Fake,292
475,Sheelah,MacGlory,317
476,Yalonda,Joanic,889
477,Lavinia,Landsborough,306
478,Blakelee,Moreno,222
479,Berkie,Beadman,363
480,Matthew,Kyd,253
481,Adah,Groarty,29
482,Amabelle,Castri,228
483,Johny,Ritmeyer,772
484,Addi,Von Salzberg,284
485,Hamid,Bowling,802
486,Huberto,Haughin,273
487,Burton,Grigoliis,619
488,Meredeth,Yaneev,900
489,Marlee,Selkirk,630
490,Marianna,Lamblin,188
491,Melli,Darker,291
492,Mychal,Johnys,359
493,Felice,Moynham,686
494,Justina,Hinzer,115
495,Annalee,Gareisr,694
496,Forrester,Christofle,957
497,Kayne,Jakoubec,454
498,Law,Aers,738
499,Sukey,Holmyard,383
500,Donnajean,Baldry,284
501,Carl,Burr,788
502,Farlee,Paske,536
503,Gamaliel,Valenta,765
504,Hulda,Ledrane,593
505,Inge,Cazalet,653
506,Morganne,Astles,980
507,Carly,Bruckent,447
508,Codee,Durram,470
509,Rickard,Losseljong,844
510,Daune,Buer,386
511,Marcello,Robuchon,380
512,Lindsay,Drable,608
513,Willamina,Earwaker,789
514,Moira,Suerz,503
515,Skippy,Woolford,686
516,Dario,Schapiro,102
517,Bartholomew,Chevis,906
518,Nobie,McPhater,173
519,Cyrillus,Dawe,908
520,Jock,Clissold,709
521,Esra,Meddick,128
522,Lissy,Pinner,795
523,Lemmy,Caress,851
524,Zabrina,Scopes,494
525,Fabian,Bondar,816
526,Curt,McInulty,361
527,Roda,Novis,978
528,Sax,Lynde,150
529,Barrie,Vaune,782
530,Ayn,Gillon,81
531,Martina,Spivey,730
532,Torry,Regi,593
533,Renata,Slark,637
534,Jae,Jehu,364
535,Christina,Shillam,951
536,Huntley,Thomsen,140
537,Padget,Loveguard,558
538,Nichols,Jiroutka,988
539,Euphemia,Burrel,349
540,Demetris,Coldicott,997
541,Adolphus,Maunton,310
542,Isabelle,Fyfield,670
543,Quinlan,Kippin,737
544,Jammal,Atty,572
545,Devin,Somerled,289
546,Gordan,Farries,41
547,Susanna,Philott,939
548,Hana,Pickett,286
549,Charley,Giovanetti,964
550,Kristine,Capstaff,716
551,Blakeley,Durden,872
552,Sherm,Godbert,911
553,Cori,Nesterov,985
554,Gasper,Donnel,696
555,Pet,Litel,341
556,Boone,Shirley,718
557,Mose,Lowbridge,640
558,Melissa,Mildenhall,773
559,Alair,MacAiline,378
560,Baryram,Crosdill,526
561,Sergeant,Beauly,345
562,Cherilyn,Derington,522
563,Giffie,Brimilcombe,27
564,Costanza,Veschambes,340
565,Johnath,Joontjes,991
566,Cori,Balderson,626
567,Olivero,Pylkynyton,999
568,Verla,Dumbar,786
569,Barrie,Karpets,18
570,Aldous,Stonehouse,164
571,Aluin,Caret,272
572,Duffy,Ateggart,464
573,Rosie,Ethington,860
574,Gus,McKomb,989
575,Flora,Thomson,157
576,Devondra,Kuschel,54
577,Rozella,Hakeworth,168
578,Ricki,Broxup,576
579,Howie,De Gregorio,627
580,Fredric,Speedin,858
581,Garold,Caddie,889
582,Jeanna,Joska,215
583,Binny,Tortoise,268
584,York,Cuddon,750
585,Malachi,Gonnelly,31
586,Woody,Vial,558
587,Roley,Gerber,567
588,Gaylene,Ingamells,329
589,Kristy,Emmison,589
590,Lenora,Lecordier,250
591,Bobbie,Craze,869
592,Yvonne,O' Ronan,774
593,Ricki,Kasperski,980
594,Anabal,Vankeev,921
595,Lenee,Nasi,585
596,Orlan,Weall,947
597,Walden,Jacobi,709
598,Pauly,Dibley,502
599,Josephina,Iiannone,971
600,Nollie,Farmloe,94
601,Mandel,Depka,49
602,Anneliese,Shaul,224
603,Maud,Petracci,624
604,Lettie,Huguenet,54
605,Huberto,Grigorkin,654
606,Alanah,Bumphries,379
607,Sissy,Tarren,78
608,Dehlia,Whitwood,134
609,Mercedes,Janata,556
610,Berkly,Gillaspy,311
611,Christina,Dollman,381
612,Clari,Doerrling,296
613,Niccolo,Eyeington,869
614,Dion,Machon,865
615,Dion,Orritt,381
616,Maris,Deackes,120
617,Janeen,Derisly,636
618,Euell,Regglar,986
619,Grethel,Coolbear,186
620,Joey,Strase,496
621,Lazar,Salazar,650
622,Genia,Thicking,859
623,Vicki,Silwood,215
624,Angel,Chestnutt,816
625,Clay,Menichillo,150
626,Vonni,Mowling,824
627,Borg,Pragnall,347
628,Floyd,Birney,662
629,Hamid,Albro,990
630,Lauren,Pridmore,42
631,Gorden,Spincks,599
632,Felipe,Kopps,166
633,Cchaddie,Roggero,950
634,Lorenza,Hordell,740
635,Hadria,De Biasi,501
636,Fraser,Scotchmore,757
637,Fiorenze,Reneke,660
638,Christi,Newvell,990
639,Kippy,McLaren,484
640,Verna,Ivanshintsev,817
641,Mickie,Allaway,802
642,Janek,Blanchflower,964
643,Michal,Mansell,456
644,Wendie,Veld,499
645,Hilton,Hamblen,717
646,Lindi,Shenton,777
647,Archaimbaud,Surmeyer,438
648,Nicole,Cosgrove,637
649,Ray,Heinert,741
650,Mikol,Piddle,243
651,Melba,Ascroft,915
652,Tansy,Selman,618
653,Devonne,Whipp,267
654,Jan,Fursey,419
655,Dona,Kilmurray,713
656,Marsha,Humes,417
657,Avis,Hainge,812
658,Friederike,Gwillim,677
659,Nikolaus,Millwater,136
660,Corey,Carnalan,953
661,Kaitlyn,Brantzen,491
662,Lincoln,Brisbane,380
663,Colver,Cantua,72
664,Margette,Cona,974
665,Gwennie,Londing,347
666,Armin,Fishlock,738
667,Crichton,McLagain,568
668,Gerhard,Glendenning,35
669,Karlen,Broadis,958
670,Tarrah,Sproul,302
671,Edouard,Witcherley,152
672,Allyce,Smalls,467
673,Wendie,Mowat,810
674,Othello,Sillars,451
675,Anabella,Luckes,104
676,Lazar,Snoxell,878
677,Jereme,Robjant,923
678,Gery,Grabeham,494
679,Harwilll,Cisco,75
680,Ivonne,Vanichkov,534
681,Prince,Laurie,541
682,Elysha,Wedgbrow,592
683,Guenna,Burnham,384
684,Emanuel,Eakly,45
685,Chrisse,Studders,209
686,Rollo,Streater,189
687,Gard,Rhymes,420
688,Darn,Coutts,330
689,Gertrudis,Aumerle,369
690,Caron,Hale,20
691,Wallie,Ciabatteri,68
692,Si,Foakes,859
693,Zebulon,Dowey,376
694,Claudina,Elldred,404
695,Derrek,Dillestone,293
696,Sybyl,Meads,39
697,Kimmie,Vasquez,892
698,Norma,Cowdrey,333
699,Fidole,Purkis,972
700,Jacqui,Gentreau,175
701,Jamima,Debrett,665
702,Lee,Candlin,30
703,Mercie,Fittis,31
704,Vikki,Pillifant,607
705,Neville,Abbes,205
706,Janette,Hebborne,568
707,Felice,Gittis,14
708,Koressa,Ogan,572
709,Bayard,Kynson,225
710,Quentin,Maypes,264
711,Onofredo,Phippard,160
712,Wilton,Alleburton,883
713,Elisabeth,Tebbs,543
714,Fabien,Brooker,250
715,Enriqueta,Bemlott,765
716,Edwina,Coppen,709
717,Alec,Scholtis,420
718,Perice,Milmo,824
719,Valina,Hartle,671
720,Briant,Stife,77
721,Damaris,Robens,186
722,Queenie,Huglin,679
723,Angie,Waghorne,635
724,Arney,Dunkley,32
725,Gearalt,McMenamy,945
726,Viviyan,Lynas,493
727,Griz,Heaselgrave,869
728,Gerty,Giovanni,124
729,Sergeant,Goodsir,99
730,Charles,Houson,807
731,Leoline,Kingswood,125
732,Garfield,Quinby,590
733,Hanni,Nethercott,881
734,Dulcie,Newband,77
735,Hakeem,McIlhagga,640
736,Cosme,Toun,708
737,Skippy,Linnell,290
738,Wit,Burdell,828
739,Darice,Fisbburne,757
740,Sal,Chark,333
741,Vasily,Leavold,343
742,Windy,Ritelli,531
743,Halette,Peizer,217
744,Carole,Rideout,887
745,Matt,Striker,104
746,Moe,Brimm,490
747,Ophelie,Bussy,112
748,Halette,Nightingale,607
749,Alleen,O'Kennedy,825
750,Harwilll,Seaborne,674
751,Erina,Machin,217
752,Boonie,McTrustey,302
753,Kimmi,Shaughnessy,509
754,Wakefield,Larway,945
755,Gray,Harriss,64
756,Ernesto,Dopson,930
757,Monika,Kick,603
758,Ingeberg,Wilkes,703
759,Konrad,Yakovl,85
760,Rakel,Clemenza,32
761,Modesta,Greggersen,247
762,Val,Overstreet,402
763,John,Ducker,5
764,Ashla,Sneden,592
765,Carmina,Putland,874
766,Alva,Leahy,221
767,Erick,Brazel,564
768,Stacee,Du Barry,986
769,Sebastien,Skeath,344
770,Jennette,Speere,71
771,Klarika,Morratt,160
772,Shamus,Phillput,649
773,Shauna,Zmitrichenko,898
774,Annamaria,Truscott,129
775,Jami,GiacobbiniJacob,362
776,Andie,Margrett,449
777,Elsinore,De Hoogh,223
778,Randee,Pimm,447
779,Gibb,Piddocke,527
780,Blondelle,Dayley,27
781,Broderick,Alexsandrov,340
782,Lazaro,Di Biaggi,984
783,Aubry,D'Alwis,465
784,Mia,Rawles,649
785,Ollie,O'Connolly,426
786,Roy,Purkins,27
787,Andie,Ludlam,188
788,Annabal,Fatharly,145
789,Alica,Ead,463
790,Ethel,Mateev,129
791,Katrinka,De Malchar,284
792,Darwin,Marsh,179
793,Allister,Weighell,561
794,Goldarina,Muffitt,654
795,Cleo,Cranmer,915
796,Pauletta,Tungate,461
797,Darlene,Elman,726
798,Anita,Croughan,924
799,Chloe,Nicklin,379
800,Aubrey,Dayment,629
801,Marne,Bahl,97
802,Leone,Roughey,230
803,Francine,Lannen,415
804,Jerald,Bortol,242
805,Paolo,Hanny,870
806,Maurine,Willwood,136
807,Nanete,Skilbeck,728
808,Pia,Lithgow,776
809,Averil,Dennington,458
810,Alisun,Irnis,922
811,Cammy,Wilbraham,489
812,Rivkah,Hare,608
813,Graeme,Ferrers,215
814,Janey,Brittlebank,778
815,Miof mela,Jeynes,663
816,Alonzo,Baroux,289
817,Alessandra,Buxy,406
818,Broderic,Langhorne,933
819,Joachim,Peckett,120
820,Fanni,Drysdell,103
821,Vivian,Geeve,274
822,Delly,Flatte,854
823,Kelila,Richardot,600
824,Melicent,Conant,444
825,Saba,Gavagan,698
826,Lenee,Wildber,252
827,Rebekah,Cadore,210
828,Ramsay,Eakin,430
829,Adolf,Delamaine,950
830,Claire,Di Bernardo,600
831,Mariya,Golagley,47
832,Elly,Bosket,114
833,Donna,Mawdsley,502
834,Meta,McKillop,531
835,Blair,Gwinnett,741
836,Leeanne,Strattan,522
837,Alvera,Duckett,486
838,Erin,Husselbee,734
839,Eugenius,Burchatt,1
840,Blake,Rumgay,506
841,Marni,Manntschke,843
842,Griffin,Nicklinson,229
843,Maisey,Pellington,693
844,Lynnelle,Perott,648
845,Gerladina,Phelps,289
846,Kirsteni,Pound,794
847,Jayme,McNee,369
848,Alla,Valeri,510
849,Cheslie,Matzeitis,411
850,Sonny,Elphick,852
851,Jacquie,Canedo,707
852,Humberto,Finlason,907
853,Addison,Sodo,41
854,Electra,Ruffey,222
855,Lesli,Beed,507
856,Timothee,Curner,268
857,Levi,Newarte,811
858,Gothart,Juggins,54
859,Nannette,Ascough,51
860,Ysabel,Bulfit,404
861,Englebert,Laverenz,328
862,Damaris,Reven,602
863,Kitti,Gurnell,434
864,Ringo,Welman,492
865,Frederich,Grelak,650
866,Belle,Scarce,538
867,Phillie,Closs,478
868,Land,Swaddle,155
869,Regan,Dolbey,170
870,Franny,Mewes,542
871,Miranda,Cabbell,358
872,Elisha,Phil,89
873,Gert,Ragborne,733
874,Nikolai,Bramer,767
875,Tamarah,Fritchley,163
876,Rog,Baison,147
877,Payton,Izzatt,27
878,Chelsie,Alderwick,668
879,Marijo,Chucks,396
880,Violante,Markovich,359
881,Gizela,Haggleton,702
882,Keane,Pittendreigh,437
883,Rodolphe,Keaveney,194
884,Antoinette,Eversley,938
885,Mariann,Fannin,530
886,Sabina,Taphouse,253
887,Jorry,Willoway,335
888,Illa,Kembley,609
889,Sumner,Biasi,63
890,Kelsi,Narup,459
891,Miltie,Eisak,141
892,Chance,Josipovitz,949
893,Any,Murrigans,218
894,Amble,Tripony,612
895,Eustacia,Krzysztofiak,898
896,Julita,Ladd,944
897,Roanna,Kember,580
898,Barnett,Lightwing,926
899,Beatriz,Holyland,555
900,Vaughn,Riditch,515
901,Mareah,Farlham,803
902,Mollee,Lafflina,429
903,Karim,Sandeland,119
904,Betti,Kellegher,910
905,Ranice,Sholem,617
906,Donna,Begent,585
907,Beau,Tapenden,870
908,Karalee,Wincom,893
909,Winnie,Lodeke,404
910,Cody,Wase,336
911,Hagan,Blackesland,515
912,Sheila-kathryn,Pockey,872
913,Friedrick,Darko,891
914,Riannon,Guisot,905
915,Mark,Highton,483
916,Harriett,Franzke,618
917,Katlin,Conaboy,105
918,Langston,Playhill,392
919,Yehudi,Colombier,114
920,Wynny,Rubenczyk,325
921,Kala,Orknay,489
922,Geri,Spoors,519
923,Gwyn,Castiglione,894
924,Gwennie,Lewington,243
925,Clarisse,Lidgely,564
926,Port,Watford,477
927,Tansy,Loving,58
928,Egan,Snalom,344
929,Travis,Benfell,250
930,Colene,Gouth,786
931,Pascal,Caustick,473
932,Andrej,Hunting,29
933,Anson,Birtles,145
934,Karel,Phizaclea,587
935,Antonia,Hugli,236
936,Peter,Atte-Stone,845
937,Corbet,Mould,460
938,Amalita,Gutans,566
939,Katina,Mayfield,457
940,Therine,Brazener,1000
941,Betsey,Schaumann,138
942,Maggee,Alsina,554
943,Lyn,Forbear,13
944,Wallis,Giacoppo,472
945,Ann,Wikey,616
946,Maddy,Bride,194
947,Noemi,Scotsbrook,222
948,Emmery,Wrintmore,593
949,Noelle,Embleton,999
950,Bryn,Stoffersen,387
951,Mayer,Currin,687
952,Austen,Jirzik,468
953,Judon,Iacopetti,461
954,Linnell,Abrahamowitcz,197
955,Jacquenetta,Dewdney,888
956,Thomasin,Lillecrap,723
957,Lois,Coles,236
958,Laney,Panting,341
959,Kissee,Watton,203
960,Gerti,Bisco,404
961,Giacomo,Hedlestone,192
962,Jobina,Candey,448
963,Gaylene,Gameson,232
964,Christal,Bool,830
965,Jess,Relph,850
966,Nike,Coxhead,480
967,Kesley,Houlworth,232
968,Queenie,Duigan,549
969,Rolfe,Elsmore,430
970,Quillan,Ubank,438
971,Stanislaus,Huttley,107
972,Dwight,Dallan,562
973,Aldin,Basire,658
974,Audrey,Simonitto,991
975,Gardy,Burchmore,809
976,Gerry,Pilsworth,355
977,Tish,Ewers,26
978,Elfie,Winter,113
979,Paige,Twidale,34
980,Keene,Martinuzzi,711
981,Margette,MacIlhargy,911
982,Nickola,Esherwood,734
983,Stanleigh,Holehouse,235
984,Nada,Caso,257
985,Klarrisa,Timlett,314
986,Vic,Blaszczyk,622
987,Mechelle,Cockson,576
988,Olive,Nunnerley,650
989,Man,Meates,784
990,Marlane,Coupe,525
991,Haslett,Rosenhaus,867
992,Lewiss,Verick,446
993,Findlay,Brandenberg,879
994,Charmain,Mayhou,597
995,Consuela,Westgarth,1
996,Harli,Bettis,896
997,Lilllie,Hanne,706
998,Earvin,Beesley,37
999,Marcela,Kinahan,896
1000,Selia,Berre,607
1,Gabbie,Farmery,
2,Desmond,Toffts,
3,Josiah,Playford,
4,Brady,Lotte,
5,Spike,McCloud,
6,Karissa,Trewinnard,
7,Kath,Gooda,
8,Jephthah,Glasscott,
9,Hasty,Conkey,
10,Emogene,Swafford,
11,Barn,Muir,
12,Marissa,Surguine,
13,Joline,Tichner,
14,Leslie,MacAulay,
15,Tabbi,Fells,
16,Des,Minghetti,
17,Humbert,Probey,
18,Marrissa,Bollis,
19,Joann,Seviour,
20,Aeriel,Cartner,
21,Clayborne,Laycock,
22,Jo,Beaulieu,
23,Tildy,Sturrock,
24,Roanna,Willock,
25,Mendel,Pfeifer,
26,Lindi,Yukhin,
27,Tawsha,McComiskey,
28,Gal,Tremayle,
29,Gabriel,Maplestone,
30,Joleen,Kippen,
31,Taite,Lelievre,
32,Evangeline,Cockcroft,
33,Giraud,Jaskowicz,
34,Robbin,Syversen,
35,Silvia,MacGilrewy,
36,Gill,Tuxwell,
37,Janaye,Bithell,
38,Garrick,De Beneditti,
39,Alexis,Buer,
40,Robbie,Gerritzen,
41,Nannie,Corwin,
42,Gratia,Merrigans,
43,Janette,Smitheram,
44,Alonso,Haysman,
45,Tod,Terney,
46,Corenda,Guillem,
47,Normand,Skym,
48,Theo,Rayer,
49,Milo,Fairburn,
50,Kenn,Dumingos,
51,Kati,Pablo,
52,Algernon,Danell,
53,Feliza,Jacox,
54,Vin,Searles,
55,Larissa,Seleway,
56,Buddy,Cregan,
57,Jimmie,Pellington,
58,Jenilee,Goodricke,
59,Kiel,Barbosa,
60,Law,Sawart,
61,Levin,Sofe,
62,Nina,Papachristophorou,
63,Alfie,Buey,
64,Reinhard,Janeway,
65,Sylvan,Kearn,
66,Anissa,Cosham,
67,Quent,Leadbeatter,
68,Gratiana,Crocroft,
69,Janifer,Warry,
70,Whitney,Ferriman,
71,Wolfy,Laurencot,
72,Brodie,Berrey,
73,Aguie,Stuehmeier,
74,Martino,Meachem,
75,Roxi,Sparhawk,
76,Hurleigh,Baake,
77,Hadlee,Ciccetti,
78,Harmon,Costa,
79,Fan,Lancley,
80,Avril,Aldridge,
81,Patrizio,Budleigh,
82,Forrest,Aseef,
83,Edgard,Costen,
84,Uriah,Shippard,
85,Cozmo,La Torre,
86,Wilhelmine,Yeskov,
87,Tobie,Palatino,
88,Emlynn,Rait,
89,Ardys,Semonin,
90,Weidar,Brewitt,
91,Norean,Hurling,
92,Greer,Feacham,
93,Corine,Mooring,
94,Eugenius,Eddington,
95,Hayward,Heijnen,
96,Judah,Newall,
97,Berna,Olley,
98,Meggy,Littlechild,
99,Breanne,Rikel,
100,Rowney,Duffer,
101,Kaila,Poltun,
102,Kati,Swatten,
103,Bobbye,Showl,
104,Brooke,Sam,
105,Zorina,Mallalieu,
106,Seka,Hallowes,
107,Powell,Marchelli,
108,Elna,Reiners,
109,Elliot,Elflain,
110,Robin,Sell,
111,Christin,Downing,
112,Ceciley,De Miranda,
113,Papagena,Droogan,
114,Fidelia,Ibbison,
115,Shermie,Drackford,
116,Ferdy,Crossfield,
117,Catherine,Booy,
118,Ainsley,Minthorpe,
119,Fiann,Bendel,
120,Beltran,Chatel,
121,Davina,Brydson,
122,Garek,Bremen,
123,Raoul,Gooda,
124,Dermot,Crone,
125,Tanney,Atrill,
126,Minette,Semple,
127,Merlina,Tacker,
128,Channa,Morrison,
129,Toby,Marflitt,
130,Chad,Goss,
131,Randal,Polo,
132,Lindsey,Poundford,
133,Ralph,Crean,
134,Addy,Langstrath,
135,Jo-ann,Blackwood,
136,Jori,Gives,
137,Paco,Mulvaney,
138,Mikey,Shard,
139,Hunfredo,Deboy,
140,Hilary,Shatford,
141,Fayette,Hembrow,
142,Corabella,Burril,
143,Sky,Slowly,
144,Jecho,Windross,
145,Cissy,Filipic,
146,Herc,Gemelli,
147,Diann,Mountstephen,
148,Casar,Curryer,
149,Gibbie,Oneile,
150,Emylee,Tarborn,
151,Scarlett,Penvarne,
152,Merrili,Cantopher,
153,Augustine,Rossoni,
154,Horacio,Yggo,
155,Kippie,Wain,
156,Gonzales,Noller,
157,Padriac,Danilchev,
158,Janifer,Newbatt,
159,Davin,Hawick,
160,Hi,Feaviour,
161,Mozes,Dafydd,
162,Ianthe,Inchley,
163,Brennen,Aldine,
164,Grover,Renvoise,
165,Jaquelin,Vasyaev,
166,Daphna,Drance,
167,Marie,Beagles,
168,Charyl,Acarson,
169,Marna,Jeaffreson,
170,Mathias,Turvie,
171,Erhard,Moulsdale,
172,Nickolai,Dine-Hart,
173,Nick,Dell,
174,Amby,Curedell,
175,Brendan,Birkmyr,
176,Cristen,Marcham,
177,Norton,Goodboddy,
178,Christyna,Wakeford,
179,Mercie,Anwyl,
180,Israel,Criple,
181,Joey,Reames,
182,Neille,Wardington,
183,Horst,Puleston,
184,Corrine,Shemwell,
185,Torrin,Dellar,
186,Gilbert,Petegree,
187,Mendy,Dodge,
188,Rhett,Broz,
189,Antone,Hazelgreave,
190,Darbie,Kingsmill,
191,Yalonda,McAnalley,
192,Shea,Blythin,
193,Ellerey,Ducket,
194,Zandra,Gourdon,
195,Koren,Bernardos,
196,Myca,Shelbourne,
197,Simmonds,Sheraton,
198,Paulie,Mutch,
199,Lazarus,Thieme,
200,Mervin,Hugonin,
201,Ferris,Oxenham,
202,Otha,Dudding,
203,Sauveur,McKie,
204,Ellwood,Cornill,
205,Opaline,Devita,
206,Ashby,Szymonwicz,
207,Mattie,Emmerson,
208,Dory,Pimley,
209,Alan,Matthiae,
210,Reider,Shaddock,
211,Leone,Brader,
212,Fanny,Laborda,
213,Bennie,Murtimer,
214,Pattie,Knowlman,
215,Esra,Gregory,
216,Chaim,Swatheridge,
217,Dominik,Fitzsimmons,
218,Vania,Basile,
219,Sallyanne,Marrison,
220,Kerrin,Wathen,
221,Yuri,Stanislaw,
222,Olag,Gemlett,
223,Arne,Ohm,
224,Wiley,Witherow,
225,Cosette,Daulton,
226,Emmanuel,Foxton,
227,Drusy,MacAlester,
228,Stern,Nial,
229,Dexter,Farquar,
230,Jane,Grzegorzewski,
231,Trish,Sherratt,
232,Alleyn,Giacobillo,
233,Terrijo,Ygo,
234,Clareta,Yesinin,
235,Wendye,Jeskin,
236,Fancie,Sympson,
237,Earvin,Magee,
238,Skell,Illing,
239,Napoleon,Hoult,
240,Renata,Salvadori,
241,Benedikt,Vanner,
242,Mitchell,Plowright,
243,Lane,Schoroder,
244,Reynold,Nevin,
245,Margot,Eversfield,
246,Prue,Carrol,
247,Aleksandr,McTaggart,
248,Nanete,Brayfield,
249,Thorndike,Marfell,
250,Rutger,McKerron,
251,Julissa,Maillard,
252,Kari,Cobson,
253,Crissy,Schuh,
254,Zsa zsa,Bridgewater,
255,Raphael,Orrell,
256,Keir,Smowton,
257,Maddy,Spore,
258,Austine,Wudeland,
259,Rolf,Eggleston,
260,Leodora,McEttigen,
261,Lexine,Biggadike,
262,Jamill,Storrier,
263,Philipa,Northgraves,
264,Jeana,Manvell,
265,Sawyere,Cowlas,
266,Saxe,Tippler,
267,Artemis,Florence,
268,Andrew,MacManus,
269,Darya,Baptist,
270,Em,McIlveen,
271,Izaak,Dicte,
272,Shelley,O'Nion,
273,Sanford,Gourlay,
274,Abdul,Airy,
275,Flossi,Coker,
276,Armando,Horsfield,
277,Kendre,Akid,
278,Ludovico,Kupka,
279,Gerardo,Hardesty,
280,Niel,Stickney,
281,Lurline,Dunford,
282,Elias,Blatchford,
283,Blinni,Eddisford,
284,Reggie,Labrum,
285,Reider,Gehricke,
286,Frasquito,Van der Mark,
287,Livvie,Rudledge,
288,Oona,Steddall,
289,Umeko,Cassar,
290,Emiline,Chaffyn,
291,Dion,Mussettini,
292,Lauryn,Houtby,
293,Jone,Boshers,
294,Alphard,Beveredge,
295,Jeane,Dodgshon,
296,Giffy,Lemmens,
297,Odelia,Austick,
298,Darcee,Dumbellow,
299,Vivien,Hassekl,
300,Renard,Sapauton,
301,Magnum,Meineck,
302,Shauna,O'Meara,
303,Reilly,Dauney,
304,Pauletta,Sherburn,
305,Horst,Jedrasik,
306,Kania,Hayford,
307,Bevin,Sutworth,
308,Jo-ann,Staniford,
309,Karlens,Chrishop,
310,Dene,Belch,
311,Luke,Cesconi,
312,Elisa,Bexley,
313,Rosmunda,Ferronier,
314,Dorian,Spensley,
315,Jo-ann,Aggas,
316,Augustine,Giblin,
317,Aube,Owen,
318,Christoph,Mathias,
319,Ker,Gentreau,
320,Desi,Sayles,
321,Margot,Pakes,
322,Althea,Burch,
323,Olimpia,Rymmer,
324,Jodi,Cowan,
325,Ted,Grossman,
326,Bryce,Fullilove,
327,Arlina,Corns,
328,Ennis,Larking,
329,Gordy,Jahndel,
330,Fielding,O'Lehane,
331,Odell,Aspling,
332,Meredith,Grantham,
333,Esme,Giffen,
334,Doroteya,Bannerman,
335,Perry,Coughtrey,
336,Zachery,Berryann,
337,Jordanna,Haster,
338,Josy,Davidoff,
339,Ave,Jellett,
340,Den,Sonner,
341,Donal,Trulocke,
342,Clyve,Derye-Barrett,
343,Marijn,Fransinelli,
344,Hillyer,Mertgen,
345,Norma,Woolward,
346,Domeniga,Turfus,
347,Nikki,Dooler,
348,Cybil,Faustian,
349,Harwell,Gyenes,
350,Harvey,Janos,
351,Shannon,Elecum,
352,Juanita,Schoroder,
353,Taryn,Waddington,
354,Tova,Prince,
355,Kaiser,Skrines,
356,Jackie,Semeniuk,
357,Dill,Markos,
358,Adelbert,Kryzhov,
359,Jermain,Batchellor,
360,Sonia,Coldtart,
361,Renie,MacBain,
362,Ranice,Beeke,
363,Shauna,De Bruyne,
364,Obediah,Elland,
365,Neila,Micklewright,
366,Damita,Berry,
367,Juliane,Burstow,
368,Roarke,Sarrell,
369,Leupold,Auger,
370,Phip,Gillitt,
371,Hammad,Pohl,
372,Rossy,Minors,
373,Felicdad,Leafe,
374,Gianna,Master,
375,Woodman,Hallin,
376,Teriann,Eacle,
377,Valentijn,Gasparro,
378,Shari,Faveryear,
379,Erma,Tourle,
380,Aharon,Stern,
381,Mellisa,Bernette,
382,Joanna,Duffit,
383,Davis,Torbeck,
384,Meryl,Pashan,
385,Aile,Thomason,
386,Alvy,Stockill,
387,Aaron,Seabrocke,
388,Noella,Fortie,
389,Ursola,Gamil,
390,Rodolph,Hassewell,
391,Maye,Vennard,
392,Schuyler,Gitthouse,
393,Raquel,Nutt,
394,Adam,Dormon,
395,Mauricio,Hinkley,
396,Bradford,Tingey,
397,Rusty,Mularkey,
398,Eduino,Lockhurst,
399,Saudra,Amori,
400,Jamie,Ridgedell,
401,Janeva,Pearcy,
402,Omero,Danis,
403,Clarke,Dowears,
404,Quinton,Rapin,
405,Lewie,Medcalf,
406,Uriah,Slade,
407,Shoshanna,Rycroft,
408,Adriane,Dixson,
409,Peggi,Zellner,
410,Cicely,Basford,
411,Aimee,Oakland,
412,Karoly,Ca,
413,Dominik,Nutley,
414,Alia,Daniell,
415,Gonzales,Bienvenu,
416,Aleksandr,Winkett,
417,Jenni,Healing,
418,Suellen,Giddons,
419,Robby,MacNeish,
420,Alissa,Boatman,
421,Tim,Tapply,
422,Wilhelm,Tommei,
423,Andrei,Challener,
424,Gisela,Berrie,
425,Gearalt,Bowers,
426,Rance,Hannaway,
427,Karney,Faltin,
428,Harriett,Feavearyear,
429,Monro,Alps,
430,Kerry,Kurten,
431,Lind,MacDermot,
432,Clara,Ponting,
433,Goddard,Skippon,
434,Glyn,Satcher,
435,Lorrin,Johl,
436,Phoebe,Denison,
437,Myriam,Witchell,
438,Cully,Dewicke,
439,Britte,Grigoliis,
440,Palmer,Thomton,
441,Jsandye,Flecknell,
442,Vanya,Jobe,
443,Cary,Chrichton,
444,Claribel,Easson,
445,Kiel,Grishakov,
446,Angelo,Ladley,
447,Rufe,Coneybeare,
448,Glynnis,Kermon,
449,Millicent,Hitzmann,
450,Aluino,Olland,
451,Olav,Scatchard,
452,Conni,Stilliard,
453,Gay,MacDougall,
454,Dwain,Priestman,
455,Ricki,Grono,
456,Elfreda,Woodnutt,
457,Duff,Seargeant,
458,Quill,Rebeiro,
459,Doria,Dunlop,
460,Nils,Nutton,
461,Jacinthe,Perrington,
462,Dita,Oliveti,
463,Keary,Franzetti,
464,Loy,Ardley,
465,Elsy,Pinnion,
466,Lola,Seeborne,
467,Deanne,Silkstone,
468,Cecil,Glyde,
469,Neely,Pittendreigh,
470,Arni,Barwise,
471,Kleon,Aingel,
472,Maure,Balhatchet,
473,Shurwood,Pimlott,
474,Ivan,Esby,
475,Veronika,Hearfield,
476,Bastien,Adkin,
477,Arly,Naulty,
478,Rosita,Harland,
479,Kimmy,Hanmer,
480,Cassius,Kilmary,
481,Cynthie,Lear,
482,Glendon,Lynn,
483,Veda,Fishbie,
484,Lita,Wimmer,
485,Raimondo,Luetkemeyer,
486,Balduin,Tibbles,
487,Laurens,Mushart,
488,Loraine,Deniset,
489,Christen,Sollam,
490,Kissie,Dahmke,
491,Murial,Tack,
492,Mortie,Gilstin,
493,Portia,Thomke,
494,Yanaton,Giovannacc@i,
495,Kellsie,Keysall,
496,Cati,Birchill,
497,Northrop,Cornejo,
498,Maurits,Linde,
499,Carla,Boman,
500,Domeniga,Postles,
501,Helenelizabeth,Andrejevic,
502,Hebert,De Dantesie,
503,Theo,Dunnion,
504,Tadio,Pimblett,
505,Kinny,Sirett,
506,Kenn,Lumsden,
507,Cherise,Gosnay,
508,Jacqui,Burdytt,
509,Reuben,Brundill,
510,Bruce,Kirkam,
511,Krystyna,Collibear,
512,Myer,Cavie,
513,Desmond,Povah,
514,Zebedee,Roberds,
515,Gaspar,Rowles,
516,Laina,Caren,
517,Selig,Clemont,
518,Elwyn,Gownge,
519,Thorndike,Hember,
520,Debera,Tankin,
521,Garret,Pagon,
522,Skelly,Phonix,
523,Jonell,Grumbridge,
524,Byran,Howley,
525,Dyann,Radmer,
526,Northrup,Nester,
527,Torrie,Heath,
528,Chelsy,Tripney,
529,Doralia,Havill,
530,Doroteya,Foli,
531,Miguelita,Whitcomb,
532,Thomas,Hodges,
533,Ed,Plom,
534,Rosette,McAmish,
535,Barbey,Yoell,
536,Casey,D'Oyley,
537,Nicolle,Chamberlin,
538,Tammara,Wing,
539,Beltran,Embury,
540,Reamonn,Cafe,
541,Amandi,Lawrenceson,
542,Gilbertine,Beedham,
543,Aharon,Girardez,
544,Eugenie,Bramont,
545,Silvester,Dermot,
546,Diarmid,Lachaize,
547,Bennett,Doumerc,
548,Dominique,Tonbridge,
549,Efrem,Fidele,
550,Othelia,Denford,
551,Shay,Mulrooney,
552,Mathias,Hyder,
553,Keelby,Caple,
554,Hendrik,McGeachie,
555,Almire,Gauthorpp,
556,Ketty,Backshaw,
557,Donaugh,Bonome,
558,Terrel,Dilgarno,
559,Kellina,Meineck,
560,Zacharias,Rudsdell,
561,Keary,Ironside,
562,Herby,Hundell,
563,Alana,Frigout,
564,Silva,Roulston,
565,Dionysus,Sigars,
566,David,McGannon,
567,Farris,Shooter,
568,Judon,Fairburne,
569,Benedetto,Schlagtmans,
570,Neville,Newiss,
571,Zak,Lowless,
572,Roderich,Donke,
573,Garrott,Vanyashkin,
574,Lauryn,Izakson,
575,Tresa,Roll,
576,Sandy,Rennison,
577,Culley,Raddan,
578,Rusty,Wasteney,
579,Bearnard,Broadwell,
580,Staffard,Reubel,
581,Sibeal,Rubega,
582,Tallie,Bunson,
583,Roy,Teenan,
584,Deva,Farreil,
585,Hort,Espie,
586,Elmira,Curtois,
587,Susie,Mc Trusty,
588,Sheri,Aksell,
589,Cesar,Dy,
590,Benji,Gianni,
591,Lanette,Manders,
592,Basilio,Copcott,
593,Munmro,Sporton,
594,Graham,Rodway,
595,Tann,Ovens,
596,Marco,Joutapavicius,
597,Rodrique,Dermott,
598,Renato,Sacker,
599,Guglielma,Nabarro,
600,Amara,Glassup,
601,Natka,Clarson,
602,Benjie,Bargery,
603,Nealson,Wickins,
604,Courtney,Crum,
605,Nathalia,Gascoigne,
606,Jolene,Arderne,
607,Nadine,Charlot,
608,Eolande,Drewson,
609,Aliza,Gebb,
610,Tawnya,Westell,
611,Diane-marie,Cashell,
612,Nettle,Roskelly,
613,Zabrina,Patron,
614,Selena,Dybald,
615,Dorelia,Tomisch,
616,Devlen,Carass,
617,Roxy,Hayller,
618,Page,Hawket,
619,Perl,Feldmann,
620,Gaspar,Lefeaver,
621,Hebert,Drinkhall,
622,Tilly,Fullard,
623,Rebecca,Siburn,
624,Lonny,Powdrell,
625,Phillie,Coltart,
626,Gerty,Heggison,
627,Llewellyn,Gibb,
628,Garvey,Sweetman,
629,Diena,Kingswood,
630,Ade,Bish,
631,Jeffie,Guynemer,
632,Sheri,Rosenstengel,
633,Nikolaos,Batrip,
634,Dyna,Cuesta,
635,Faunie,Lavalle,
636,Winny,Winters,
637,Lily,Cuddihy,
638,Cale,Iggo,
639,Gussi,Johananoff,
640,Dana,Ruffey,
641,Carol,Baynton,
642,Junina,Watterson,
643,Cassie,Fernez,
644,Nelle,Bernaert,
645,Darrell,Dufton,
646,Kermie,Rielly,
647,Penny,Guilfoyle,
648,Denney,Vickarman,
649,Dave,Martina,
650,Antonietta,Conechie,
651,Paule,Lipman,
652,Tanner,Ferguson,
653,Saunders,Johnys,
654,Frazier,Zack,
655,Laure,Dunton,
656,Sandye,Dalligan,
657,Morton,Abels,
658,Ethelyn,McAlester,
659,Maurits,Charpling,
660,Mathias,Toma,
661,Fawn,Heales,
662,Siobhan,Marrow,
663,Prentiss,Livett,
664,Archibold,Kmietsch,
665,Winona,Lettington,
666,Cully,Barrable,
667,Cassius,Yggo,
668,Wynne,Ramelot,
669,Montague,Picopp,
670,Luca,Stoter,
671,Vicki,Stokoe,
672,Dew,Lillie,
673,Quentin,De Cruze,
674,Karol,Halle,
675,Jacquie,Ganford,
676,Sigfrid,Fenech,
677,Mersey,Eadon,
678,Ivett,Snelgrove,
679,Duky,Adriano,
680,Urbano,Heald,
681,Fanchon,Vint,
682,Gabriel,Leeves,
683,Ruthie,Exer,
684,Allin,Swinfen,
685,Barry,Headingham,
686,Dorrie,Staite,
687,Mateo,Tonbye,
688,Pebrook,Relton,
689,Emeline,Adamolli,
690,Liv,Iacovazzi,
691,Jamaal,Rosnau,
692,Victor,Kyston,
693,Bucky,Hitzmann,
694,Hewe,Fraczak,
695,Lenna,Samart,
696,Happy,Shord,
697,Weston,Esel,
698,Cairistiona,Kunath,
699,Filmer,Sargerson,
700,Bell,Reichert,
701,Parke,McGarvie,
702,Hazel,Yeskin,
703,Morten,Cumber,
704,Devin,Moss,
705,Willa,Haensel,
706,Garrik,Davenport,
707,Ernesto,Whyteman,
708,Hastie,MacDunlevy,
709,Bruis,Brockley,
710,Gun,Hobben,
711,Lura,Danilenko,
712,Alison,Dransfield,
713,Agretha,Bernucci,
714,Hazel,Maddrah,
715,Kelsey,Hearn,
716,Wynn,Handes,
717,Gelya,Stoffels,
718,Dev,Duggon,
719,Austina,McGloin,
720,Caz,Whyley,
721,Boigie,Alanbrooke,
722,Meyer,Ratt,
723,Merridie,Frohock,
724,Pet,Elcome,
725,Sandie,Merington,
726,Antin,Maffetti,
727,Gates,Oene,
728,Flossy,Teek,
729,Leonardo,Boissieux,
730,Toni,Hyder,
731,Margaretta,Kinzett,
732,Rory,Laybourn,
733,Lodovico,Raysdale,
734,Vaclav,Toynbee,
735,Pablo,Lightbowne,
736,Ignace,Worg,
737,Richie,Fairbourn,
738,Horton,Chatwin,
739,Dunc,Revell,
740,Ermanno,Grunnell,
741,Lennie,Dron,
742,Ferdinanda,Backs,
743,Noe,Karpinski,
744,Heloise,Pettegree,
745,Odelia,Pickle,
746,Alfonse,Cowie,
747,Morna,Feuell,
748,Ealasaid,Calliss,
749,Hesther,Madders,
750,Zuzana,Mussetti,
751,Isidoro,Lorey,
752,Loise,Parmenter,
753,Brit,Littefair,
754,Devina,Welden,
755,Noami,Brafield,
756,Constancia,Armell,
757,Amalita,Feasley,
758,Humphrey,Skace,
759,Deina,Binstead,
760,Dore,Mosson,
761,Waiter,Boag,
762,Annora,Gallen,
763,Sigfried,Otterwell,
764,Charissa,Klimkov,
765,Lorens,Grimsey,
766,Siffre,Bartali,
767,Christos,Bellison,
768,Lark,Conkay,
769,Sutherland,Wall,
770,Bee,O'Tierney,
771,Merna,McTear,
772,Taite,Smeed,
773,Leigh,Witt,
774,Ronica,Corness,
775,Phillida,Bemment,
776,Lucas,Mawford,
777,Bethany,Nansom,
778,Joeann,Screen,
779,Nancey,Lewisham,
780,Agatha,Pyson,
781,Renaud,Dullaghan,
782,Ebony,Klimus,
783,Coreen,Condy,
784,Bartram,Elt,
785,Karney,Dourin,
786,Randy,Cree,
787,Cleavland,Fever,
788,Shane,De Ferraris,
789,Danya,Ruddy,
790,Tiffani,Comazzo,
791,Johnette,Akitt,
792,Norma,Donati,
793,Haroun,Gabb,
794,Vikki,Wortley,
795,Haydon,Bracknell,
796,Reuven,Rafe,
797,Charin,Beste,
798,Finley,Boatwright,
799,Lorens,Fauning,
800,Willis,Brodhead,
801,Earlie,Geram,
802,Shamus,Maciejak,
803,Roi,Battisson,
804,Sigismundo,Seely,
805,Tammie,Semarke,
806,Sasha,Chadburn,
807,Nada,Honywill,
808,Trista,Ashment,
809,Alanson,Hubbucke,
810,Siward,Lomasney,
811,Nate,Brunelleschi,
812,Zelda,Stealfox,
813,Kessiah,Kidman,
814,Gage,Parfett,
815,Lin,Clausen,
816,Pryce,Dumphry,
817,Oralie,Francklin,
818,Sutherland,Dumingos,
819,Yettie,Slaight,
820,Glynnis,Kiera,
821,Gennifer,Enderle,
822,Allyn,Clara,
823,Donaugh,Trevains,
824,Frederico,Accum,
825,Sabina,Land,
826,Jule,Procter,
827,Perceval,Conlaund,
828,Sibylla,Peiser,
829,Gussie,Donaher,
830,Rebeka,Casellas,
831,Urbanus,Mattheis,
832,Shelden,Badman,
833,Loree,Rosewall,
834,Melony,Lubbock,
835,Ernst,Jendricke,
836,Goldie,Kempster,
837,Kristine,Preedy,
838,Cathryn,Joseland,
839,Carlie,De Cruz,
840,Orsola,Samwaye,
841,Anne,Rattrie,
842,Keary,Itzchaki,
843,Clementius,Di Bernardo,
844,Tremain,Richards,
845,Athene,Buxsy,
846,Benedetta,Overall,
847,Caro,Enderle,
848,Chic,Shropshire,
849,Tildi,Georghiou,
850,Arlene,Kitchingman,
851,Gearard,Edeler,
852,Amalle,Kimblin,
853,Josephine,Dach,
854,Celestia,Lidgertwood,
855,Xymenes,Kenson,
856,Daron,Boodle,
857,Cindee,Chadwen,
858,Denny,Beddon,
859,Westley,Turfitt,
860,Tiffany,Boyet,
861,Lewie,Lowten,
862,Monti,Gasnell,
863,Vince,Husselbee,
864,Simeon,Luc,
865,Blake,Gwynne,
866,Gates,Grissett,
867,Rick,Jenkyn,
868,Ignaz,Cholwell,
869,Alex,Bowfin,
870,Stacy,Faltin,
871,Willey,McManamen,
872,Terrijo,Hugnet,
873,Thibaut,Cereceres,
874,Holt,Denton,
875,Gabbie,Eggleston,
876,Archibaldo,Petzolt,
877,Eydie,Morriss,
878,Jackquelin,McClifferty,
879,Ax,Braund,
880,Adelbert,Coumbe,
881,Lizette,Haggarth,
882,Ban,Lillow,
883,Colette,Stanbrooke,
884,Gray,Armell,
885,Crichton,Staresmeare,
886,Freeman,Fridlington,
887,Deeanne,Crichley,
888,Cindy,Gull,
889,Symon,Peres,
890,Moses,Claasen,
891,Paddy,Duferie,
892,Clarabelle,Sapp,
893,Salaidh,Lugg,
894,Linet,Kubas,
895,Ryan,Clowton,
896,Ricca,Vagg,
897,Minna,Kynder,
898,Shelia,Huff,
899,Gilles,Guillot,
900,Jase,Laimable,
901,Spense,O'Bradain,
902,Jude,Vallens,
903,Chelsy,Stoneley,
904,Hertha,Sollowaye,
905,Solly,Belfelt,
906,Dasi,Hanby,
907,Ginger,Jeannenet,
908,Breanne,Acedo,
909,Rey,O'Fallon,
910,Andras,Death,
911,Selina,Lepere,
912,Sonia,Leythley,
913,Penrod,Melville,
914,Blinni,Mungane,
915,Marni,Corteney,
916,Ariella,Saffrin,
917,Nellie,Januszkiewicz,
918,Chaim,Hamflett,
919,Gerti,Alkin,
920,Fransisco,Lemoir,
921,Abigale,Wakelam,
922,Blinni,Pancoast,
923,Harriot,Blakeway,
924,Linzy,D'Ugo,
925,Roseline,Lappine,
926,Odelle,Moodycliffe,
927,Emma,Feldbrin,
928,Rodina,Stoneman,
929,Adan,Alwood,
930,Boyce,Stainton - Skinn,
931,Chris,Verring,
932,Dietrich,Canlin,
933,Prissie,Burnage,
934,Brendan,Celes,
935,Loralie,Macewan,
936,Woodman,Ourtic,
937,Zandra,Ballingal,
938,Wells,Grayshan,
939,Kori,Dionisii,
940,Sella,Pow,
941,Dru,Cattlow,
942,Novelia,Pasek,
943,Billie,Adamsson,
944,Todd,Moryson,
945,Zared,Osan,
946,Zachariah,Goodyear,
947,Demetre,Whistlecraft,
948,Jeromy,Fieldgate,
949,Edmund,Beagrie,
950,Odelia,Riggulsford,
951,Agnola,Antonsen,
952,Marmaduke,Jezard,
953,Hollie,Hurkett,
954,Eloise,Braybrookes,
955,Shanon,Rapley,
956,Gennie,Sommerling,
957,Lanette,Chard,
958,Lorilee,Mewitt,
959,Marlo,Weatherhead,
960,Gayelord,Enoch,
961,Antonin,Cordet,
962,Sibbie,St. Pierre,
963,Dianne,Mayward,
964,Yard,Loachhead,
965,Adriano,Bodd,
966,Maude,Fratson,
967,Herbie,Peasee,
968,Celestine,Dicke,
969,Aldin,Caccavari,
970,Margarete,Wigfall,
971,Gerry,Ventam,
972,Davidde,Cubley,
973,Betteanne,Graber,
974,Em,Drinkhall,
975,Trude,Boise,
976,Ransom,Havick,
977,Norbie,Lantiffe,
978,Lamar,Swatridge,
979,Johan,Fairney,
980,Daffie,Willgress,
981,Ursola,Pendry,
982,Darn,Roux,
983,Dusty,Manser,
984,Horatio,Robbeke,
985,Casie,Bobasch,
986,Patrick,Johnson,
987,Wiley,Allman,
988,Aksel,Cossar,
989,Adena,Varah,
990,Averil,Fulker,
991,Lek,Janzen,
992,Samson,Mumby,
993,Meggy,Nobbs,
994,Bennie,Farquhar,
995,Belle,Carswell,
996,Bennett,Oldfield,
997,Celina,Enright,
998,Amberly,Radbourn,
999,Kacie,Andriuzzi,
1000,Elisa,Blaber,
